"","Rank","feature","Top50"
"1",1,0,1
"2",2,0,1
"3",4,0,1
"4",5,0,1
"5",6,0,1
"6",7,0,1
"7",8,0,1
"8",9,0,1
"9",10,0,1
"10",11,0,1
"11",12,0,1
"12",13,0,1
"13",14,0,1
"14",15,0,1
"15",16,0,1
"16",17,0,1
"17",19,0,1
"18",20,0,1
"19",21,0,1
"20",22,0,1
"21",23,0,1
"22",24,0,1
"23",25,0,1
"24",26,0,1
"25",27,0,1
"26",28,0,1
"27",29,0,1
"28",30,0,1
"29",31,0,1
"30",32,0,1
"31",33,0,1
"32",34,0,1
"33",35,0,1
"34",36,0,1
"35",37,0,1
"36",38,0,1
"37",39,0,1
"38",40,0,1
"39",41,0,1
"40",43,0,1
"41",44,0,1
"42",47,0,1
"43",48,0,1
"44",49,0,1
"45",50,0,1
"46",51,0,0
"47",52,0,0
"48",53,0,0
"49",54,0,0
"50",55,0,0
"51",56,0,0
"52",57,0,0
"53",58,0,0
"54",59,0,0
"55",60,0,0
"56",61,0,0
"57",62,0,0
"58",63,0,0
"59",64,0,0
"60",65,0,0
"61",66,0,0
"62",67,0,0
"63",68,0,0
"64",69,0,0
"65",70,0,0
"66",71,0,0
"67",72,0,0
"68",73,0,0
"69",74,0,0
"70",75,0,0
"71",76,0,0
"72",77,0,0
"73",78,0,0
"74",79,0,0
"75",80,0,0
"76",81,0,0
"77",82,0,0
"78",83,0,0
"79",85,0,0
"80",86,0,0
"81",87,0,0
"82",88,0,0
"83",89,0,0
"84",90,0,0
"85",91,0,0
"86",92,0,0
"87",93,0,0
"88",94,0,0
"89",95,0,0
"90",96,0,0
"91",98,0,0
"92",99,0,0
"93",100,0,0
"94",2,0,1
"95",3,0,1
"96",4,0,1
"97",5,0,1
"98",6,0,1
"99",7,0,1
"100",8,0,1
"101",9,0,1
"102",10,0,1
"103",11,0,1
"104",12,0,1
"105",13,0,1
"106",14,0,1
"107",15,0,1
"108",16,0,1
"109",17,0,1
"110",18,0,1
"111",19,0,1
"112",20,0,1
"113",21,0,1
"114",22,0,1
"115",23,0,1
"116",24,0,1
"117",25,0,1
"118",26,0,1
"119",27,0,1
"120",28,0,1
"121",29,0,1
"122",30,0,1
"123",31,0,1
"124",33,0,1
"125",34,0,1
"126",35,0,1
"127",36,0,1
"128",37,0,1
"129",38,0,1
"130",39,0,1
"131",40,0,1
"132",41,0,1
"133",42,0,1
"134",43,0,1
"135",44,0,1
"136",45,0,1
"137",46,0,1
"138",47,0,1
"139",48,0,1
"140",49,0,1
"141",50,0,1
"142",51,0,0
"143",52,0,0
"144",53,0,0
"145",54,0,0
"146",55,0,0
"147",56,0,0
"148",57,0,0
"149",58,0,0
"150",59,0,0
"151",60,0,0
"152",61,0,0
"153",62,0,0
"154",63,0,0
"155",64,0,0
"156",65,0,0
"157",67,0,0
"158",68,0,0
"159",69,0,0
"160",70,0,0
"161",71,0,0
"162",72,0,0
"163",73,0,0
"164",74,0,0
"165",75,0,0
"166",76,0,0
"167",77,0,0
"168",79,0,0
"169",81,0,0
"170",82,0,0
"171",83,0,0
"172",84,0,0
"173",85,0,0
"174",86,0,0
"175",87,0,0
"176",88,0,0
"177",89,0,0
"178",90,0,0
"179",91,0,0
"180",92,0,0
"181",94,0,0
"182",95,0,0
"183",96,0,0
"184",97,0,0
"185",99,0,0
"186",1,0,1
"187",2,0,1
"188",3,0,1
"189",4,0,1
"190",5,0,1
"191",6,0,1
"192",7,0,1
"193",8,0,1
"194",9,0,1
"195",10,0,1
"196",11,0,1
"197",12,0,1
"198",13,0,1
"199",14,0,1
"200",15,0,1
"201",17,0,1
"202",18,0,1
"203",19,0,1
"204",20,0,1
"205",21,0,1
"206",22,0,1
"207",23,0,1
"208",24,0,1
"209",25,0,1
"210",26,0,1
"211",27,0,1
"212",28,0,1
"213",29,0,1
"214",30,0,1
"215",31,0,1
"216",32,0,1
"217",33,0,1
"218",34,0,1
"219",35,0,1
"220",36,0,1
"221",37,0,1
"222",38,0,1
"223",39,0,1
"224",40,0,1
"225",41,0,1
"226",42,0,1
"227",43,0,1
"228",44,0,1
"229",45,0,1
"230",46,0,1
"231",47,0,1
"232",48,0,1
"233",49,0,1
"234",50,0,1
"235",51,0,0
"236",52,0,0
"237",53,0,0
"238",54,0,0
"239",55,0,0
"240",56,0,0
"241",57,0,0
"242",58,0,0
"243",59,0,0
"244",60,0,0
"245",61,0,0
"246",62,0,0
"247",63,0,0
"248",64,0,0
"249",65,0,0
"250",66,0,0
"251",68,0,0
"252",69,0,0
"253",70,0,0
"254",71,0,0
"255",73,0,0
"256",74,0,0
"257",75,0,0
"258",76,0,0
"259",77,0,0
"260",78,0,0
"261",79,0,0
"262",80,0,0
"263",81,0,0
"264",82,0,0
"265",83,0,0
"266",84,0,0
"267",85,0,0
"268",87,0,0
"269",88,0,0
"270",89,0,0
"271",90,0,0
"272",91,0,0
"273",93,0,0
"274",94,0,0
"275",95,0,0
"276",96,0,0
"277",97,0,0
"278",98,0,0
"279",99,0,0
"280",1,0,1
"281",3,0,1
"282",4,0,1
"283",5,0,1
"284",6,0,1
"285",7,0,1
"286",8,0,1
"287",9,0,1
"288",10,0,1
"289",11,0,1
"290",12,0,1
"291",13,0,1
"292",14,0,1
"293",15,0,1
"294",16,0,1
"295",17,0,1
"296",18,0,1
"297",19,0,1
"298",20,0,1
"299",22,0,1
"300",24,0,1
"301",25,0,1
"302",26,0,1
"303",27,0,1
"304",28,0,1
"305",29,0,1
"306",30,0,1
"307",31,0,1
"308",32,0,1
"309",33,0,1
"310",34,0,1
"311",35,0,1
"312",36,0,1
"313",37,0,1
"314",38,0,1
"315",39,0,1
"316",40,0,1
"317",41,0,1
"318",42,0,1
"319",44,0,1
"320",46,0,1
"321",47,0,1
"322",48,0,1
"323",49,0,1
"324",50,0,1
"325",51,0,0
"326",52,0,0
"327",53,0,0
"328",54,0,0
"329",55,0,0
"330",56,0,0
"331",57,0,0
"332",58,0,0
"333",59,0,0
"334",60,0,0
"335",61,0,0
"336",62,0,0
"337",63,0,0
"338",66,0,0
"339",67,0,0
"340",68,0,0
"341",69,0,0
"342",70,0,0
"343",71,0,0
"344",73,0,0
"345",76,0,0
"346",77,0,0
"347",78,0,0
"348",79,0,0
"349",80,0,0
"350",81,0,0
"351",84,0,0
"352",85,0,0
"353",86,0,0
"354",87,0,0
"355",88,0,0
"356",89,0,0
"357",90,0,0
"358",91,0,0
"359",92,0,0
"360",93,0,0
"361",94,0,0
"362",95,0,0
"363",96,0,0
"364",97,0,0
"365",98,0,0
"366",99,0,0
"367",100,0,0
"368",1,0,1
"369",2,0,1
"370",3,0,1
"371",4,0,1
"372",5,0,1
"373",6,0,1
"374",7,0,1
"375",8,0,1
"376",9,0,1
"377",10,0,1
"378",11,0,1
"379",12,0,1
"380",13,0,1
"381",14,0,1
"382",15,0,1
"383",16,0,1
"384",17,0,1
"385",18,0,1
"386",19,0,1
"387",21,0,1
"388",22,0,1
"389",23,0,1
"390",24,0,1
"391",25,0,1
"392",26,0,1
"393",27,0,1
"394",28,0,1
"395",29,0,1
"396",30,0,1
"397",31,0,1
"398",32,0,1
"399",33,0,1
"400",34,0,1
"401",35,0,1
"402",36,0,1
"403",38,0,1
"404",39,0,1
"405",40,0,1
"406",41,0,1
"407",42,0,1
"408",43,0,1
"409",44,0,1
"410",45,0,1
"411",46,0,1
"412",47,0,1
"413",48,0,1
"414",49,0,1
"415",50,0,1
"416",51,0,0
"417",52,0,0
"418",53,0,0
"419",54,0,0
"420",55,0,0
"421",56,0,0
"422",57,0,0
"423",58,0,0
"424",59,0,0
"425",60,0,0
"426",61,0,0
"427",62,0,0
"428",64,0,0
"429",65,0,0
"430",66,0,0
"431",67,0,0
"432",68,0,0
"433",70,0,0
"434",71,0,0
"435",72,0,0
"436",73,0,0
"437",74,0,0
"438",75,0,0
"439",76,0,0
"440",77,0,0
"441",79,0,0
"442",80,0,0
"443",82,0,0
"444",83,0,0
"445",84,0,0
"446",85,0,0
"447",86,0,0
"448",88,0,0
"449",89,0,0
"450",93,0,0
"451",94,0,0
"452",95,0,0
"453",96,0,0
"454",97,0,0
"455",98,0,0
"456",99,0,0
"457",100,0,0
"458",1,0,1
"459",2,0,1
"460",3,0,1
"461",4,0,1
"462",5,0,1
"463",6,0,1
"464",8,0,1
"465",9,0,1
"466",10,0,1
"467",11,0,1
"468",12,0,1
"469",13,0,1
"470",14,0,1
"471",15,0,1
"472",16,0,1
"473",17,0,1
"474",18,0,1
"475",19,0,1
"476",20,0,1
"477",21,0,1
"478",22,0,1
"479",23,0,1
"480",24,0,1
"481",26,0,1
"482",27,0,1
"483",28,0,1
"484",29,0,1
"485",30,0,1
"486",31,0,1
"487",32,0,1
"488",33,0,1
"489",34,0,1
"490",35,0,1
"491",36,0,1
"492",37,0,1
"493",39,0,1
"494",40,0,1
"495",41,0,1
"496",42,0,1
"497",43,0,1
"498",44,0,1
"499",45,0,1
"500",46,0,1
"501",47,0,1
"502",48,0,1
"503",49,0,1
"504",50,0,1
"505",51,0,0
"506",52,0,0
"507",53,0,0
"508",54,0,0
"509",55,0,0
"510",56,0,0
"511",57,0,0
"512",58,0,0
"513",59,0,0
"514",60,0,0
"515",61,0,0
"516",62,0,0
"517",63,0,0
"518",64,0,0
"519",65,0,0
"520",66,0,0
"521",67,0,0
"522",68,0,0
"523",69,0,0
"524",70,0,0
"525",71,0,0
"526",72,0,0
"527",73,0,0
"528",74,0,0
"529",75,0,0
"530",76,0,0
"531",77,0,0
"532",78,0,0
"533",79,0,0
"534",80,0,0
"535",81,0,0
"536",83,0,0
"537",85,0,0
"538",86,0,0
"539",87,0,0
"540",88,0,0
"541",89,0,0
"542",90,0,0
"543",91,0,0
"544",92,0,0
"545",93,0,0
"546",94,0,0
"547",95,0,0
"548",96,0,0
"549",97,0,0
"550",98,0,0
"551",99,0,0
"552",100,0,0
"553",1,0,1
"554",4,0,1
"555",5,0,1
"556",7,0,1
"557",8,0,1
"558",9,0,1
"559",10,0,1
"560",11,0,1
"561",12,0,1
"562",13,0,1
"563",14,0,1
"564",15,0,1
"565",16,0,1
"566",17,0,1
"567",18,0,1
"568",19,0,1
"569",20,0,1
"570",21,0,1
"571",22,0,1
"572",23,0,1
"573",24,0,1
"574",25,0,1
"575",28,0,1
"576",29,0,1
"577",30,0,1
"578",31,0,1
"579",32,0,1
"580",33,0,1
"581",35,0,1
"582",36,0,1
"583",37,0,1
"584",38,0,1
"585",39,0,1
"586",40,0,1
"587",41,0,1
"588",42,0,1
"589",43,0,1
"590",45,0,1
"591",46,0,1
"592",47,0,1
"593",48,0,1
"594",49,0,1
"595",50,0,1
"596",51,0,0
"597",52,0,0
"598",53,0,0
"599",54,0,0
"600",55,0,0
"601",57,0,0
"602",58,0,0
"603",59,0,0
"604",61,0,0
"605",62,0,0
"606",63,0,0
"607",65,0,0
"608",66,0,0
"609",67,0,0
"610",68,0,0
"611",69,0,0
"612",71,0,0
"613",72,0,0
"614",73,0,0
"615",74,0,0
"616",75,0,0
"617",76,0,0
"618",77,0,0
"619",78,0,0
"620",79,0,0
"621",80,0,0
"622",81,0,0
"623",82,0,0
"624",83,0,0
"625",84,0,0
"626",85,0,0
"627",86,0,0
"628",87,0,0
"629",88,0,0
"630",89,0,0
"631",90,0,0
"632",92,0,0
"633",94,0,0
"634",95,0,0
"635",96,0,0
"636",98,0,0
"637",99,0,0
"638",100,0,0
"639",1,0,1
"640",2,0,1
"641",3,0,1
"642",4,0,1
"643",6,0,1
"644",7,0,1
"645",9,0,1
"646",10,0,1
"647",11,0,1
"648",12,0,1
"649",13,0,1
"650",14,0,1
"651",16,0,1
"652",17,0,1
"653",18,0,1
"654",19,0,1
"655",20,0,1
"656",21,0,1
"657",23,0,1
"658",24,0,1
"659",25,0,1
"660",26,0,1
"661",27,0,1
"662",29,0,1
"663",30,0,1
"664",31,0,1
"665",32,0,1
"666",33,0,1
"667",34,0,1
"668",35,0,1
"669",36,0,1
"670",37,0,1
"671",38,0,1
"672",39,0,1
"673",40,0,1
"674",41,0,1
"675",42,0,1
"676",44,0,1
"677",45,0,1
"678",46,0,1
"679",47,0,1
"680",48,0,1
"681",49,0,1
"682",50,0,1
"683",52,0,0
"684",53,0,0
"685",54,0,0
"686",55,0,0
"687",56,0,0
"688",57,0,0
"689",58,0,0
"690",59,0,0
"691",60,0,0
"692",61,0,0
"693",62,0,0
"694",63,0,0
"695",65,0,0
"696",66,0,0
"697",67,0,0
"698",68,0,0
"699",69,0,0
"700",72,0,0
"701",73,0,0
"702",74,0,0
"703",75,0,0
"704",76,0,0
"705",77,0,0
"706",78,0,0
"707",79,0,0
"708",80,0,0
"709",81,0,0
"710",82,0,0
"711",83,0,0
"712",85,0,0
"713",86,0,0
"714",87,0,0
"715",88,0,0
"716",89,0,0
"717",91,0,0
"718",92,0,0
"719",94,0,0
"720",95,0,0
"721",96,0,0
"722",98,0,0
"723",99,0,0
"724",100,0,0
"725",1,0,1
"726",2,0,1
"727",3,0,1
"728",4,0,1
"729",5,0,1
"730",6,0,1
"731",7,0,1
"732",8,0,1
"733",9,0,1
"734",10,0,1
"735",11,0,1
"736",12,0,1
"737",13,0,1
"738",14,0,1
"739",15,0,1
"740",17,0,1
"741",18,0,1
"742",19,0,1
"743",20,0,1
"744",21,0,1
"745",22,0,1
"746",23,0,1
"747",24,0,1
"748",25,0,1
"749",26,0,1
"750",27,0,1
"751",28,0,1
"752",29,0,1
"753",30,0,1
"754",31,0,1
"755",32,0,1
"756",33,0,1
"757",34,0,1
"758",36,0,1
"759",37,0,1
"760",38,0,1
"761",39,0,1
"762",40,0,1
"763",41,0,1
"764",43,0,1
"765",44,0,1
"766",45,0,1
"767",46,0,1
"768",47,0,1
"769",48,0,1
"770",49,0,1
"771",50,0,1
"772",51,0,0
"773",52,0,0
"774",54,0,0
"775",55,0,0
"776",56,0,0
"777",57,0,0
"778",58,0,0
"779",59,0,0
"780",60,0,0
"781",62,0,0
"782",63,0,0
"783",64,0,0
"784",65,0,0
"785",66,0,0
"786",67,0,0
"787",68,0,0
"788",69,0,0
"789",70,0,0
"790",71,0,0
"791",72,0,0
"792",73,0,0
"793",74,0,0
"794",75,0,0
"795",76,0,0
"796",77,0,0
"797",78,0,0
"798",79,0,0
"799",80,0,0
"800",81,0,0
"801",82,0,0
"802",83,0,0
"803",84,0,0
"804",85,0,0
"805",86,0,0
"806",87,0,0
"807",88,0,0
"808",89,0,0
"809",90,0,0
"810",91,0,0
"811",92,0,0
"812",93,0,0
"813",94,0,0
"814",95,0,0
"815",96,0,0
"816",97,0,0
"817",98,0,0
"818",99,0,0
"819",100,0,0
"820",1,0,1
"821",2,0,1
"822",4,0,1
"823",5,0,1
"824",6,0,1
"825",7,0,1
"826",8,0,1
"827",9,0,1
"828",10,0,1
"829",12,0,1
"830",13,0,1
"831",14,0,1
"832",15,0,1
"833",16,0,1
"834",17,0,1
"835",18,0,1
"836",19,0,1
"837",20,0,1
"838",22,0,1
"839",23,0,1
"840",24,0,1
"841",25,0,1
"842",26,0,1
"843",27,0,1
"844",28,0,1
"845",29,0,1
"846",30,0,1
"847",31,0,1
"848",32,0,1
"849",33,0,1
"850",34,0,1
"851",35,0,1
"852",36,0,1
"853",37,0,1
"854",38,0,1
"855",39,0,1
"856",40,0,1
"857",42,0,1
"858",43,0,1
"859",44,0,1
"860",45,0,1
"861",46,0,1
"862",49,0,1
"863",50,0,1
"864",51,0,0
"865",52,0,0
"866",53,0,0
"867",54,0,0
"868",55,0,0
"869",56,0,0
"870",57,0,0
"871",58,0,0
"872",59,0,0
"873",60,0,0
"874",62,0,0
"875",64,0,0
"876",65,0,0
"877",66,0,0
"878",67,0,0
"879",68,0,0
"880",69,0,0
"881",70,0,0
"882",71,0,0
"883",72,0,0
"884",73,0,0
"885",74,0,0
"886",75,0,0
"887",76,0,0
"888",77,0,0
"889",78,0,0
"890",79,0,0
"891",80,0,0
"892",82,0,0
"893",83,0,0
"894",84,1,0
"895",85,0,0
"896",86,0,0
"897",87,0,0
"898",88,0,0
"899",89,0,0
"900",90,0,0
"901",91,0,0
"902",92,0,0
"903",93,0,0
"904",94,0,0
"905",95,0,0
"906",96,0,0
"907",97,0,0
"908",98,0,0
"909",99,0,0
"910",100,0,0
"911",1,0,1
"912",2,0,1
"913",3,0,1
"914",4,0,1
"915",5,0,1
"916",6,0,1
"917",7,0,1
"918",8,0,1
"919",9,0,1
"920",10,0,1
"921",11,0,1
"922",12,0,1
"923",13,0,1
"924",14,0,1
"925",15,0,1
"926",16,0,1
"927",17,0,1
"928",19,0,1
"929",20,0,1
"930",22,0,1
"931",23,0,1
"932",24,0,1
"933",25,0,1
"934",26,0,1
"935",27,0,1
"936",28,0,1
"937",29,0,1
"938",30,0,1
"939",31,0,1
"940",32,0,1
"941",33,0,1
"942",34,0,1
"943",35,0,1
"944",36,0,1
"945",37,0,1
"946",38,0,1
"947",39,0,1
"948",40,0,1
"949",41,0,1
"950",43,0,1
"951",44,0,1
"952",45,0,1
"953",46,0,1
"954",47,0,1
"955",48,0,1
"956",49,0,1
"957",50,0,1
"958",52,0,0
"959",53,0,0
"960",54,0,0
"961",55,0,0
"962",56,0,0
"963",57,0,0
"964",58,0,0
"965",59,0,0
"966",60,0,0
"967",61,0,0
"968",62,0,0
"969",63,0,0
"970",64,0,0
"971",65,0,0
"972",67,0,0
"973",68,0,0
"974",69,0,0
"975",70,0,0
"976",71,0,0
"977",72,0,0
"978",73,0,0
"979",74,0,0
"980",75,0,0
"981",76,0,0
"982",77,0,0
"983",78,0,0
"984",79,0,0
"985",80,0,0
"986",81,0,0
"987",82,0,0
"988",83,0,0
"989",84,0,0
"990",86,0,0
"991",87,0,0
"992",88,0,0
"993",89,0,0
"994",90,0,0
"995",91,0,0
"996",92,0,0
"997",94,0,0
"998",95,0,0
"999",96,0,0
"1000",97,0,0
"1001",99,0,0
"1002",1,0,1
"1003",3,0,1
"1004",4,0,1
"1005",5,0,1
"1006",6,0,1
"1007",7,0,1
"1008",8,0,1
"1009",9,0,1
"1010",11,0,1
"1011",12,0,1
"1012",13,0,1
"1013",14,0,1
"1014",15,0,1
"1015",16,0,1
"1016",17,0,1
"1017",18,0,1
"1018",19,0,1
"1019",20,0,1
"1020",21,0,1
"1021",22,0,1
"1022",23,0,1
"1023",24,0,1
"1024",25,0,1
"1025",26,0,1
"1026",27,0,1
"1027",28,0,1
"1028",30,0,1
"1029",31,0,1
"1030",32,0,1
"1031",33,0,1
"1032",34,0,1
"1033",35,0,1
"1034",36,0,1
"1035",37,0,1
"1036",38,0,1
"1037",39,0,1
"1038",40,0,1
"1039",41,0,1
"1040",42,0,1
"1041",44,0,1
"1042",46,0,1
"1043",47,0,1
"1044",48,0,1
"1045",49,0,1
"1046",50,0,1
"1047",51,0,0
"1048",52,0,0
"1049",53,0,0
"1050",54,0,0
"1051",55,0,0
"1052",56,0,0
"1053",57,0,0
"1054",58,0,0
"1055",59,0,0
"1056",60,0,0
"1057",61,0,0
"1058",62,0,0
"1059",63,0,0
"1060",64,0,0
"1061",65,0,0
"1062",66,0,0
"1063",67,0,0
"1064",68,0,0
"1065",69,0,0
"1066",70,0,0
"1067",71,0,0
"1068",72,0,0
"1069",73,0,0
"1070",74,0,0
"1071",75,0,0
"1072",76,0,0
"1073",77,0,0
"1074",78,0,0
"1075",79,0,0
"1076",80,0,0
"1077",81,0,0
"1078",82,0,0
"1079",83,0,0
"1080",84,0,0
"1081",85,0,0
"1082",86,0,0
"1083",87,0,0
"1084",88,0,0
"1085",89,0,0
"1086",90,0,0
"1087",91,0,0
"1088",92,0,0
"1089",93,0,0
"1090",94,0,0
"1091",95,0,0
"1092",96,0,0
"1093",98,0,0
"1094",99,0,0
"1095",100,0,0
"1096",1,0,1
"1097",2,0,1
"1098",3,0,1
"1099",4,0,1
"1100",5,0,1
"1101",6,0,1
"1102",7,0,1
"1103",9,0,1
"1104",10,0,1
"1105",12,0,1
"1106",13,0,1
"1107",14,0,1
"1108",15,0,1
"1109",16,0,1
"1110",17,0,1
"1111",18,0,1
"1112",19,0,1
"1113",20,0,1
"1114",22,0,1
"1115",23,0,1
"1116",24,0,1
"1117",25,0,1
"1118",26,0,1
"1119",28,0,1
"1120",29,0,1
"1121",30,0,1
"1122",31,0,1
"1123",32,0,1
"1124",33,0,1
"1125",34,0,1
"1126",35,0,1
"1127",36,0,1
"1128",37,0,1
"1129",38,0,1
"1130",39,0,1
"1131",40,0,1
"1132",41,0,1
"1133",42,0,1
"1134",43,0,1
"1135",44,0,1
"1136",45,0,1
"1137",46,0,1
"1138",47,0,1
"1139",48,0,1
"1140",50,0,1
"1141",51,0,0
"1142",52,0,0
"1143",53,0,0
"1144",54,0,0
"1145",56,0,0
"1146",57,0,0
"1147",58,0,0
"1148",59,0,0
"1149",60,0,0
"1150",61,0,0
"1151",62,0,0
"1152",63,0,0
"1153",64,0,0
"1154",65,0,0
"1155",66,0,0
"1156",67,0,0
"1157",68,0,0
"1158",69,0,0
"1159",70,0,0
"1160",72,0,0
"1161",74,0,0
"1162",75,0,0
"1163",76,0,0
"1164",77,0,0
"1165",78,0,0
"1166",79,0,0
"1167",80,0,0
"1168",81,0,0
"1169",82,0,0
"1170",83,0,0
"1171",84,0,0
"1172",85,0,0
"1173",86,0,0
"1174",87,0,0
"1175",88,0,0
"1176",89,0,0
"1177",90,0,0
"1178",91,0,0
"1179",92,0,0
"1180",93,0,0
"1181",94,0,0
"1182",95,0,0
"1183",96,0,0
"1184",97,0,0
"1185",98,0,0
"1186",1,0,1
"1187",2,0,1
"1188",3,0,1
"1189",4,0,1
"1190",5,0,1
"1191",6,0,1
"1192",7,0,1
"1193",8,0,1
"1194",9,0,1
"1195",10,0,1
"1196",11,0,1
"1197",12,0,1
"1198",15,0,1
"1199",16,0,1
"1200",17,0,1
"1201",18,0,1
"1202",19,0,1
"1203",20,0,1
"1204",22,0,1
"1205",23,0,1
"1206",24,0,1
"1207",26,0,1
"1208",27,0,1
"1209",28,0,1
"1210",29,0,1
"1211",30,0,1
"1212",31,0,1
"1213",32,0,1
"1214",33,0,1
"1215",34,0,1
"1216",35,0,1
"1217",36,0,1
"1218",37,0,1
"1219",38,0,1
"1220",39,0,1
"1221",40,0,1
"1222",41,0,1
"1223",42,0,1
"1224",43,0,1
"1225",44,0,1
"1226",45,0,1
"1227",46,0,1
"1228",47,0,1
"1229",48,0,1
"1230",49,0,1
"1231",50,0,1
"1232",51,0,0
"1233",53,0,0
"1234",54,0,0
"1235",55,0,0
"1236",56,0,0
"1237",57,0,0
"1238",58,0,0
"1239",59,0,0
"1240",60,0,0
"1241",61,0,0
"1242",62,0,0
"1243",63,0,0
"1244",64,0,0
"1245",65,0,0
"1246",66,0,0
"1247",67,0,0
"1248",68,0,0
"1249",70,0,0
"1250",71,0,0
"1251",73,0,0
"1252",74,0,0
"1253",75,0,0
"1254",76,0,0
"1255",77,0,0
"1256",78,0,0
"1257",79,0,0
"1258",80,0,0
"1259",81,0,0
"1260",82,0,0
"1261",83,0,0
"1262",85,0,0
"1263",86,0,0
"1264",87,0,0
"1265",88,0,0
"1266",89,0,0
"1267",90,0,0
"1268",91,0,0
"1269",92,0,0
"1270",93,0,0
"1271",94,0,0
"1272",95,0,0
"1273",96,0,0
"1274",97,0,0
"1275",98,0,0
"1276",99,0,0
"1277",100,0,0
"1278",1,0,1
"1279",2,0,1
"1280",3,0,1
"1281",4,0,1
"1282",5,0,1
"1283",6,0,1
"1284",7,0,1
"1285",8,0,1
"1286",9,0,1
"1287",10,0,1
"1288",11,0,1
"1289",12,0,1
"1290",13,0,1
"1291",14,0,1
"1292",15,0,1
"1293",16,0,1
"1294",17,0,1
"1295",18,0,1
"1296",19,0,1
"1297",20,0,1
"1298",22,0,1
"1299",23,0,1
"1300",24,0,1
"1301",26,0,1
"1302",27,0,1
"1303",28,0,1
"1304",29,0,1
"1305",30,0,1
"1306",31,0,1
"1307",32,0,1
"1308",33,0,1
"1309",34,0,1
"1310",35,0,1
"1311",36,0,1
"1312",37,0,1
"1313",38,0,1
"1314",39,0,1
"1315",40,0,1
"1316",42,0,1
"1317",43,0,1
"1318",44,0,1
"1319",45,0,1
"1320",47,0,1
"1321",48,0,1
"1322",50,0,1
"1323",51,0,0
"1324",52,0,0
"1325",53,0,0
"1326",54,0,0
"1327",56,0,0
"1328",57,0,0
"1329",58,0,0
"1330",59,0,0
"1331",60,0,0
"1332",61,0,0
"1333",62,0,0
"1334",63,0,0
"1335",64,0,0
"1336",65,0,0
"1337",66,0,0
"1338",67,0,0
"1339",68,0,0
"1340",69,0,0
"1341",70,0,0
"1342",71,0,0
"1343",72,0,0
"1344",73,0,0
"1345",74,0,0
"1346",75,0,0
"1347",76,0,0
"1348",77,0,0
"1349",78,0,0
"1350",79,0,0
"1351",81,0,0
"1352",82,0,0
"1353",83,0,0
"1354",84,0,0
"1355",85,0,0
"1356",86,0,0
"1357",87,0,0
"1358",88,0,0
"1359",89,0,0
"1360",90,0,0
"1361",91,0,0
"1362",93,0,0
"1363",95,0,0
"1364",96,0,0
"1365",97,0,0
"1366",98,0,0
"1367",99,0,0
"1368",100,0,0
"1369",1,0,1
"1370",2,0,1
"1371",3,0,1
"1372",4,0,1
"1373",5,0,1
"1374",6,0,1
"1375",7,0,1
"1376",8,0,1
"1377",9,0,1
"1378",10,0,1
"1379",11,0,1
"1380",12,0,1
"1381",13,0,1
"1382",14,0,1
"1383",15,0,1
"1384",16,0,1
"1385",17,0,1
"1386",18,0,1
"1387",20,0,1
"1388",21,0,1
"1389",22,0,1
"1390",23,0,1
"1391",25,0,1
"1392",26,0,1
"1393",27,0,1
"1394",28,0,1
"1395",31,0,1
"1396",32,0,1
"1397",33,0,1
"1398",34,0,1
"1399",35,0,1
"1400",36,0,1
"1401",37,0,1
"1402",38,0,1
"1403",39,0,1
"1404",40,0,1
"1405",41,0,1
"1406",42,0,1
"1407",43,0,1
"1408",44,0,1
"1409",45,0,1
"1410",46,0,1
"1411",47,0,1
"1412",48,0,1
"1413",49,0,1
"1414",50,0,1
"1415",51,0,0
"1416",52,0,0
"1417",53,0,0
"1418",55,0,0
"1419",56,0,0
"1420",57,0,0
"1421",58,0,0
"1422",59,0,0
"1423",60,0,0
"1424",61,0,0
"1425",63,0,0
"1426",64,0,0
"1427",65,0,0
"1428",66,0,0
"1429",67,0,0
"1430",68,0,0
"1431",69,0,0
"1432",70,0,0
"1433",71,0,0
"1434",72,0,0
"1435",73,0,0
"1436",74,0,0
"1437",75,0,0
"1438",76,0,0
"1439",78,0,0
"1440",79,0,0
"1441",80,0,0
"1442",81,0,0
"1443",82,0,0
"1444",83,0,0
"1445",84,0,0
"1446",85,0,0
"1447",86,0,0
"1448",87,0,0
"1449",88,0,0
"1450",89,0,0
"1451",90,0,0
"1452",91,0,0
"1453",92,0,0
"1454",93,0,0
"1455",94,0,0
"1456",95,0,0
"1457",96,0,0
"1458",97,0,0
"1459",98,0,0
"1460",99,0,0
"1461",100,0,0
"1462",1,0,1
"1463",2,0,1
"1464",3,0,1
"1465",4,0,1
"1466",5,0,1
"1467",6,0,1
"1468",7,0,1
"1469",8,0,1
"1470",9,0,1
"1471",10,0,1
"1472",11,0,1
"1473",13,0,1
"1474",14,0,1
"1475",15,0,1
"1476",17,0,1
"1477",18,0,1
"1478",19,0,1
"1479",20,0,1
"1480",21,0,1
"1481",22,0,1
"1482",23,0,1
"1483",24,0,1
"1484",25,0,1
"1485",26,0,1
"1486",27,0,1
"1487",28,0,1
"1488",29,0,1
"1489",31,0,1
"1490",32,0,1
"1491",33,0,1
"1492",34,0,1
"1493",35,0,1
"1494",36,0,1
"1495",37,0,1
"1496",38,0,1
"1497",39,0,1
"1498",40,0,1
"1499",41,0,1
"1500",42,0,1
"1501",43,0,1
"1502",44,0,1
"1503",46,0,1
"1504",47,0,1
"1505",48,0,1
"1506",49,0,1
"1507",50,0,1
"1508",51,0,0
"1509",52,0,0
"1510",53,0,0
"1511",54,0,0
"1512",56,0,0
"1513",57,0,0
"1514",58,0,0
"1515",59,0,0
"1516",60,0,0
"1517",61,0,0
"1518",62,0,0
"1519",63,0,0
"1520",64,0,0
"1521",65,0,0
"1522",66,0,0
"1523",67,0,0
"1524",68,0,0
"1525",69,0,0
"1526",71,0,0
"1527",72,0,0
"1528",73,0,0
"1529",74,0,0
"1530",75,0,0
"1531",76,0,0
"1532",77,0,0
"1533",78,0,0
"1534",79,0,0
"1535",80,0,0
"1536",81,0,0
"1537",82,0,0
"1538",83,0,0
"1539",84,0,0
"1540",86,0,0
"1541",87,0,0
"1542",88,0,0
"1543",89,0,0
"1544",92,0,0
"1545",93,0,0
"1546",94,0,0
"1547",95,0,0
"1548",96,0,0
"1549",97,0,0
"1550",98,0,0
"1551",99,0,0
"1552",100,0,0
"1553",1,0,1
"1554",2,0,1
"1555",3,0,1
"1556",4,0,1
"1557",5,0,1
"1558",6,0,1
"1559",7,0,1
"1560",8,0,1
"1561",9,0,1
"1562",10,0,1
"1563",11,0,1
"1564",12,0,1
"1565",13,0,1
"1566",14,0,1
"1567",15,0,1
"1568",17,0,1
"1569",18,0,1
"1570",19,0,1
"1571",20,0,1
"1572",21,0,1
"1573",22,0,1
"1574",23,0,1
"1575",24,0,1
"1576",25,0,1
"1577",26,0,1
"1578",27,0,1
"1579",28,0,1
"1580",29,0,1
"1581",30,0,1
"1582",31,0,1
"1583",32,0,1
"1584",33,0,1
"1585",34,0,1
"1586",35,0,1
"1587",36,0,1
"1588",37,0,1
"1589",38,0,1
"1590",39,0,1
"1591",40,0,1
"1592",41,0,1
"1593",43,0,1
"1594",44,0,1
"1595",45,0,1
"1596",46,0,1
"1597",47,0,1
"1598",48,0,1
"1599",50,0,1
"1600",51,0,0
"1601",52,0,0
"1602",53,0,0
"1603",54,0,0
"1604",55,0,0
"1605",57,0,0
"1606",58,0,0
"1607",59,0,0
"1608",60,0,0
"1609",61,1,0
"1610",62,0,0
"1611",63,0,0
"1612",65,0,0
"1613",66,0,0
"1614",67,0,0
"1615",68,0,0
"1616",69,0,0
"1617",70,0,0
"1618",71,0,0
"1619",72,0,0
"1620",73,0,0
"1621",74,0,0
"1622",75,0,0
"1623",76,0,0
"1624",78,0,0
"1625",79,0,0
"1626",80,0,0
"1627",82,0,0
"1628",83,0,0
"1629",84,0,0
"1630",85,0,0
"1631",86,0,0
"1632",87,0,0
"1633",88,0,0
"1634",89,0,0
"1635",90,0,0
"1636",91,0,0
"1637",92,0,0
"1638",94,0,0
"1639",95,0,0
"1640",96,0,0
"1641",97,0,0
"1642",98,0,0
"1643",99,0,0
"1644",100,0,0
"1645",1,0,1
"1646",2,0,1
"1647",3,0,1
"1648",4,0,1
"1649",5,0,1
"1650",6,0,1
"1651",7,0,1
"1652",8,0,1
"1653",9,0,1
"1654",10,0,1
"1655",11,0,1
"1656",12,0,1
"1657",13,0,1
"1658",14,0,1
"1659",15,0,1
"1660",16,0,1
"1661",17,0,1
"1662",18,0,1
"1663",19,0,1
"1664",20,0,1
"1665",21,0,1
"1666",22,0,1
"1667",23,0,1
"1668",24,0,1
"1669",25,0,1
"1670",26,0,1
"1671",27,0,1
"1672",28,0,1
"1673",29,0,1
"1674",30,0,1
"1675",31,0,1
"1676",32,0,1
"1677",33,0,1
"1678",34,0,1
"1679",35,0,1
"1680",36,0,1
"1681",37,0,1
"1682",38,0,1
"1683",39,0,1
"1684",40,0,1
"1685",41,0,1
"1686",42,0,1
"1687",43,0,1
"1688",44,0,1
"1689",45,0,1
"1690",46,0,1
"1691",47,0,1
"1692",48,0,1
"1693",49,0,1
"1694",50,0,1
"1695",52,0,0
"1696",53,0,0
"1697",54,0,0
"1698",55,0,0
"1699",56,0,0
"1700",57,0,0
"1701",58,0,0
"1702",59,0,0
"1703",60,0,0
"1704",61,0,0
"1705",62,0,0
"1706",63,0,0
"1707",64,0,0
"1708",65,0,0
"1709",66,0,0
"1710",67,0,0
"1711",68,0,0
"1712",69,0,0
"1713",70,0,0
"1714",71,0,0
"1715",72,0,0
"1716",73,0,0
"1717",74,0,0
"1718",75,0,0
"1719",76,0,0
"1720",77,0,0
"1721",78,0,0
"1722",79,0,0
"1723",80,0,0
"1724",81,0,0
"1725",82,0,0
"1726",83,0,0
"1727",85,0,0
"1728",86,0,0
"1729",87,0,0
"1730",88,0,0
"1731",89,0,0
"1732",90,0,0
"1733",91,0,0
"1734",92,0,0
"1735",93,0,0
"1736",94,0,0
"1737",95,0,0
"1738",96,0,0
"1739",97,0,0
"1740",98,0,0
"1741",99,0,0
"1742",100,0,0
"1743",1,0,1
"1744",2,0,1
"1745",3,0,1
"1746",4,0,1
"1747",5,0,1
"1748",6,0,1
"1749",7,0,1
"1750",8,0,1
"1751",9,0,1
"1752",10,0,1
"1753",11,0,1
"1754",12,0,1
"1755",13,0,1
"1756",14,0,1
"1757",15,0,1
"1758",16,0,1
"1759",17,0,1
"1760",18,0,1
"1761",19,0,1
"1762",20,0,1
"1763",21,0,1
"1764",22,0,1
"1765",23,0,1
"1766",24,0,1
"1767",25,0,1
"1768",26,0,1
"1769",27,0,1
"1770",28,0,1
"1771",29,0,1
"1772",30,0,1
"1773",31,0,1
"1774",32,0,1
"1775",33,0,1
"1776",34,0,1
"1777",35,0,1
"1778",36,0,1
"1779",37,0,1
"1780",38,0,1
"1781",39,0,1
"1782",40,0,1
"1783",41,0,1
"1784",42,0,1
"1785",43,0,1
"1786",44,0,1
"1787",45,0,1
"1788",47,0,1
"1789",48,0,1
"1790",49,0,1
"1791",50,0,1
"1792",51,0,0
"1793",52,0,0
"1794",53,0,0
"1795",54,0,0
"1796",55,0,0
"1797",56,0,0
"1798",57,0,0
"1799",58,0,0
"1800",59,0,0
"1801",60,0,0
"1802",61,0,0
"1803",62,0,0
"1804",63,0,0
"1805",64,0,0
"1806",65,0,0
"1807",66,0,0
"1808",67,0,0
"1809",68,0,0
"1810",69,0,0
"1811",70,0,0
"1812",71,0,0
"1813",72,0,0
"1814",73,0,0
"1815",74,0,0
"1816",76,0,0
"1817",77,0,0
"1818",78,0,0
"1819",79,0,0
"1820",81,0,0
"1821",82,0,0
"1822",83,0,0
"1823",84,0,0
"1824",85,0,0
"1825",86,0,0
"1826",87,0,0
"1827",88,0,0
"1828",89,0,0
"1829",90,0,0
"1830",91,0,0
"1831",92,0,0
"1832",93,0,0
"1833",94,0,0
"1834",95,0,0
"1835",96,0,0
"1836",97,0,0
"1837",98,0,0
"1838",99,0,0
"1839",100,0,0
"1840",1,1,1
"1841",2,0,1
"1842",3,0,1
"1843",4,0,1
"1844",5,0,1
"1845",6,0,1
"1846",7,0,1
"1847",8,0,1
"1848",9,0,1
"1849",10,0,1
"1850",11,0,1
"1851",12,0,1
"1852",13,0,1
"1853",14,0,1
"1854",15,0,1
"1855",16,0,1
"1856",17,0,1
"1857",18,0,1
"1858",19,0,1
"1859",20,0,1
"1860",21,0,1
"1861",23,0,1
"1862",24,0,1
"1863",25,0,1
"1864",26,0,1
"1865",28,0,1
"1866",29,0,1
"1867",30,0,1
"1868",31,0,1
"1869",32,0,1
"1870",33,0,1
"1871",34,0,1
"1872",35,0,1
"1873",36,0,1
"1874",37,0,1
"1875",38,0,1
"1876",39,0,1
"1877",40,0,1
"1878",41,0,1
"1879",42,0,1
"1880",43,0,1
"1881",44,0,1
"1882",45,0,1
"1883",46,0,1
"1884",47,0,1
"1885",48,0,1
"1886",49,0,1
"1887",50,0,1
"1888",51,0,0
"1889",52,0,0
"1890",53,0,0
"1891",54,0,0
"1892",56,0,0
"1893",57,0,0
"1894",58,0,0
"1895",59,0,0
"1896",60,0,0
"1897",62,0,0
"1898",63,0,0
"1899",64,0,0
"1900",65,0,0
"1901",66,0,0
"1902",67,0,0
"1903",68,0,0
"1904",69,0,0
"1905",70,0,0
"1906",71,0,0
"1907",72,0,0
"1908",73,0,0
"1909",74,0,0
"1910",75,0,0
"1911",76,0,0
"1912",77,0,0
"1913",78,0,0
"1914",79,0,0
"1915",80,0,0
"1916",81,0,0
"1917",82,0,0
"1918",83,0,0
"1919",84,0,0
"1920",85,0,0
"1921",86,0,0
"1922",87,0,0
"1923",88,0,0
"1924",89,0,0
"1925",90,0,0
"1926",91,0,0
"1927",92,0,0
"1928",93,0,0
"1929",94,0,0
"1930",96,0,0
"1931",97,0,0
"1932",98,0,0
"1933",99,0,0
"1934",100,0,0
"1935",2,0,1
"1936",3,0,1
"1937",4,0,1
"1938",5,0,1
"1939",6,0,1
"1940",7,0,1
"1941",8,0,1
"1942",9,0,1
"1943",10,0,1
"1944",11,0,1
"1945",12,0,1
"1946",13,0,1
"1947",14,0,1
"1948",15,0,1
"1949",16,0,1
"1950",17,0,1
"1951",18,0,1
"1952",19,0,1
"1953",20,0,1
"1954",21,0,1
"1955",22,0,1
"1956",23,0,1
"1957",24,0,1
"1958",25,0,1
"1959",27,0,1
"1960",28,0,1
"1961",30,0,1
"1962",31,0,1
"1963",32,0,1
"1964",33,0,1
"1965",34,0,1
"1966",35,0,1
"1967",36,0,1
"1968",37,0,1
"1969",38,0,1
"1970",39,0,1
"1971",40,0,1
"1972",41,0,1
"1973",42,0,1
"1974",43,0,1
"1975",44,0,1
"1976",45,0,1
"1977",46,0,1
"1978",47,0,1
"1979",48,0,1
"1980",49,0,1
"1981",50,0,1
"1982",51,0,0
"1983",52,0,0
"1984",53,0,0
"1985",54,0,0
"1986",55,0,0
"1987",56,0,0
"1988",57,0,0
"1989",58,0,0
"1990",59,0,0
"1991",60,0,0
"1992",61,0,0
"1993",62,0,0
"1994",63,0,0
"1995",64,0,0
"1996",65,0,0
"1997",66,0,0
"1998",67,0,0
"1999",68,0,0
"2000",69,0,0
"2001",71,0,0
"2002",72,0,0
"2003",73,0,0
"2004",74,0,0
"2005",75,0,0
"2006",76,0,0
"2007",77,0,0
"2008",78,0,0
"2009",79,0,0
"2010",80,0,0
"2011",81,0,0
"2012",82,0,0
"2013",83,0,0
"2014",84,0,0
"2015",85,0,0
"2016",86,0,0
"2017",87,0,0
"2018",88,0,0
"2019",90,0,0
"2020",91,0,0
"2021",92,0,0
"2022",93,0,0
"2023",94,0,0
"2024",95,0,0
"2025",96,0,0
"2026",97,0,0
"2027",98,0,0
"2028",99,0,0
"2029",100,0,0
"2030",1,0,1
"2031",2,0,1
"2032",3,0,1
"2033",4,0,1
"2034",5,0,1
"2035",6,0,1
"2036",7,0,1
"2037",8,0,1
"2038",9,0,1
"2039",10,0,1
"2040",11,0,1
"2041",12,0,1
"2042",13,0,1
"2043",14,0,1
"2044",15,0,1
"2045",16,0,1
"2046",17,0,1
"2047",18,0,1
"2048",19,0,1
"2049",21,0,1
"2050",22,0,1
"2051",23,0,1
"2052",24,0,1
"2053",25,0,1
"2054",26,0,1
"2055",27,0,1
"2056",28,0,1
"2057",29,0,1
"2058",30,0,1
"2059",31,0,1
"2060",32,0,1
"2061",33,0,1
"2062",34,0,1
"2063",35,0,1
"2064",36,0,1
"2065",37,0,1
"2066",38,0,1
"2067",39,0,1
"2068",40,0,1
"2069",41,0,1
"2070",42,0,1
"2071",43,0,1
"2072",44,0,1
"2073",45,0,1
"2074",46,0,1
"2075",47,0,1
"2076",48,0,1
"2077",49,0,1
"2078",50,0,1
"2079",51,0,0
"2080",52,0,0
"2081",53,0,0
"2082",54,0,0
"2083",56,0,0
"2084",57,0,0
"2085",58,0,0
"2086",59,0,0
"2087",60,0,0
"2088",61,0,0
"2089",62,0,0
"2090",63,1,0
"2091",64,0,0
"2092",65,0,0
"2093",66,0,0
"2094",67,0,0
"2095",68,0,0
"2096",69,0,0
"2097",70,0,0
"2098",71,0,0
"2099",72,0,0
"2100",73,0,0
"2101",74,0,0
"2102",75,0,0
"2103",76,0,0
"2104",77,0,0
"2105",78,0,0
"2106",79,0,0
"2107",80,0,0
"2108",81,0,0
"2109",82,0,0
"2110",83,0,0
"2111",85,0,0
"2112",86,0,0
"2113",87,0,0
"2114",88,0,0
"2115",89,0,0
"2116",90,0,0
"2117",91,0,0
"2118",92,0,0
"2119",93,0,0
"2120",94,0,0
"2121",95,0,0
"2122",96,0,0
"2123",97,0,0
"2124",98,0,0
"2125",99,0,0
"2126",100,0,0
"2127",1,0,1
"2128",2,0,1
"2129",3,0,1
"2130",4,0,1
"2131",5,0,1
"2132",6,0,1
"2133",7,0,1
"2134",8,0,1
"2135",9,0,1
"2136",10,0,1
"2137",11,0,1
"2138",12,0,1
"2139",13,0,1
"2140",14,0,1
"2141",15,0,1
"2142",16,0,1
"2143",17,0,1
"2144",18,0,1
"2145",19,0,1
"2146",20,0,1
"2147",21,0,1
"2148",22,0,1
"2149",23,0,1
"2150",24,0,1
"2151",25,0,1
"2152",26,0,1
"2153",27,0,1
"2154",28,0,1
"2155",29,0,1
"2156",30,0,1
"2157",31,0,1
"2158",32,0,1
"2159",33,0,1
"2160",34,0,1
"2161",35,0,1
"2162",36,0,1
"2163",37,0,1
"2164",38,0,1
"2165",39,0,1
"2166",40,1,1
"2167",41,0,1
"2168",42,0,1
"2169",43,0,1
"2170",44,0,1
"2171",45,0,1
"2172",46,0,1
"2173",47,0,1
"2174",48,0,1
"2175",49,0,1
"2176",50,0,1
"2177",51,0,0
"2178",53,0,0
"2179",54,0,0
"2180",55,0,0
"2181",56,0,0
"2182",57,0,0
"2183",58,0,0
"2184",60,0,0
"2185",61,0,0
"2186",62,0,0
"2187",63,0,0
"2188",64,0,0
"2189",65,0,0
"2190",66,0,0
"2191",67,0,0
"2192",69,0,0
"2193",70,0,0
"2194",71,0,0
"2195",72,0,0
"2196",73,0,0
"2197",74,0,0
"2198",75,0,0
"2199",76,0,0
"2200",77,0,0
"2201",78,0,0
"2202",79,0,0
"2203",80,0,0
"2204",81,1,0
"2205",82,0,0
"2206",83,0,0
"2207",84,0,0
"2208",85,0,0
"2209",86,0,0
"2210",87,0,0
"2211",88,0,0
"2212",89,0,0
"2213",90,0,0
"2214",91,0,0
"2215",92,0,0
"2216",93,0,0
"2217",94,0,0
"2218",95,0,0
"2219",96,0,0
"2220",97,0,0
"2221",98,0,0
"2222",99,0,0
"2223",100,0,0
"2224",1,0,1
"2225",2,0,1
"2226",3,0,1
"2227",4,0,1
"2228",5,0,1
"2229",6,0,1
"2230",7,0,1
"2231",8,0,1
"2232",9,0,1
"2233",10,0,1
"2234",11,0,1
"2235",12,0,1
"2236",13,0,1
"2237",14,0,1
"2238",15,0,1
"2239",16,0,1
"2240",17,0,1
"2241",18,0,1
"2242",19,0,1
"2243",20,0,1
"2244",21,0,1
"2245",22,0,1
"2246",23,0,1
"2247",25,0,1
"2248",26,0,1
"2249",27,0,1
"2250",28,0,1
"2251",29,0,1
"2252",30,0,1
"2253",31,0,1
"2254",32,0,1
"2255",33,0,1
"2256",34,0,1
"2257",35,0,1
"2258",36,0,1
"2259",37,0,1
"2260",38,0,1
"2261",39,0,1
"2262",40,0,1
"2263",41,0,1
"2264",42,0,1
"2265",43,0,1
"2266",44,0,1
"2267",45,0,1
"2268",46,0,1
"2269",47,0,1
"2270",48,0,1
"2271",49,0,1
"2272",50,0,1
"2273",51,0,0
"2274",52,0,0
"2275",53,0,0
"2276",54,0,0
"2277",55,0,0
"2278",56,0,0
"2279",57,0,0
"2280",58,0,0
"2281",59,0,0
"2282",60,0,0
"2283",61,0,0
"2284",62,0,0
"2285",63,0,0
"2286",64,0,0
"2287",65,0,0
"2288",66,0,0
"2289",67,0,0
"2290",68,0,0
"2291",69,0,0
"2292",70,0,0
"2293",71,0,0
"2294",72,0,0
"2295",73,0,0
"2296",74,0,0
"2297",75,0,0
"2298",76,0,0
"2299",77,0,0
"2300",78,0,0
"2301",79,0,0
"2302",80,0,0
"2303",81,0,0
"2304",82,0,0
"2305",83,0,0
"2306",84,0,0
"2307",85,0,0
"2308",86,0,0
"2309",87,0,0
"2310",88,0,0
"2311",89,0,0
"2312",90,0,0
"2313",91,0,0
"2314",92,0,0
"2315",93,0,0
"2316",94,0,0
"2317",95,0,0
"2318",96,0,0
"2319",97,0,0
"2320",98,0,0
"2321",99,0,0
"2322",100,0,0
"2323",1,0,1
"2324",2,0,1
"2325",3,0,1
"2326",4,0,1
"2327",5,0,1
"2328",6,0,1
"2329",7,0,1
"2330",8,0,1
"2331",9,0,1
"2332",10,0,1
"2333",11,0,1
"2334",12,0,1
"2335",13,1,1
"2336",14,0,1
"2337",15,0,1
"2338",16,0,1
"2339",17,0,1
"2340",18,0,1
"2341",19,0,1
"2342",20,0,1
"2343",21,0,1
"2344",22,0,1
"2345",23,0,1
"2346",24,0,1
"2347",25,0,1
"2348",26,0,1
"2349",27,0,1
"2350",28,0,1
"2351",29,0,1
"2352",30,0,1
"2353",31,0,1
"2354",32,0,1
"2355",33,0,1
"2356",34,0,1
"2357",35,0,1
"2358",37,0,1
"2359",38,0,1
"2360",39,0,1
"2361",40,0,1
"2362",41,0,1
"2363",42,1,1
"2364",43,0,1
"2365",44,0,1
"2366",45,0,1
"2367",46,0,1
"2368",47,0,1
"2369",48,0,1
"2370",49,0,1
"2371",50,0,1
"2372",51,0,0
"2373",52,0,0
"2374",53,0,0
"2375",54,0,0
"2376",55,0,0
"2377",56,0,0
"2378",57,0,0
"2379",58,0,0
"2380",59,0,0
"2381",60,0,0
"2382",61,0,0
"2383",62,0,0
"2384",63,0,0
"2385",64,0,0
"2386",65,0,0
"2387",66,0,0
"2388",67,0,0
"2389",68,0,0
"2390",69,0,0
"2391",70,0,0
"2392",71,0,0
"2393",72,0,0
"2394",73,1,0
"2395",74,0,0
"2396",75,0,0
"2397",76,0,0
"2398",77,0,0
"2399",78,0,0
"2400",79,0,0
"2401",80,0,0
"2402",81,0,0
"2403",82,0,0
"2404",83,0,0
"2405",86,0,0
"2406",87,0,0
"2407",88,0,0
"2408",89,0,0
"2409",90,0,0
"2410",91,0,0
"2411",92,0,0
"2412",93,0,0
"2413",94,0,0
"2414",95,0,0
"2415",96,0,0
"2416",97,0,0
"2417",98,0,0
"2418",99,0,0
"2419",1,0,1
"2420",2,0,1
"2421",3,0,1
"2422",4,0,1
"2423",5,0,1
"2424",6,0,1
"2425",7,0,1
"2426",8,0,1
"2427",9,0,1
"2428",10,0,1
"2429",11,0,1
"2430",12,0,1
"2431",13,0,1
"2432",14,0,1
"2433",15,0,1
"2434",16,0,1
"2435",17,0,1
"2436",18,0,1
"2437",19,0,1
"2438",20,1,1
"2439",21,0,1
"2440",22,0,1
"2441",23,0,1
"2442",24,0,1
"2443",25,0,1
"2444",26,0,1
"2445",27,0,1
"2446",28,0,1
"2447",29,0,1
"2448",30,0,1
"2449",31,0,1
"2450",32,0,1
"2451",33,0,1
"2452",34,0,1
"2453",35,0,1
"2454",36,0,1
"2455",37,0,1
"2456",38,0,1
"2457",39,0,1
"2458",41,0,1
"2459",42,0,1
"2460",43,0,1
"2461",44,0,1
"2462",45,0,1
"2463",46,0,1
"2464",47,0,1
"2465",48,0,1
"2466",49,0,1
"2467",50,0,1
"2468",51,0,0
"2469",52,0,0
"2470",53,1,0
"2471",54,0,0
"2472",55,0,0
"2473",56,0,0
"2474",57,0,0
"2475",58,0,0
"2476",61,0,0
"2477",62,0,0
"2478",64,0,0
"2479",65,0,0
"2480",66,0,0
"2481",67,0,0
"2482",68,0,0
"2483",69,0,0
"2484",70,0,0
"2485",71,0,0
"2486",72,0,0
"2487",73,0,0
"2488",74,0,0
"2489",75,0,0
"2490",76,0,0
"2491",77,0,0
"2492",78,0,0
"2493",79,0,0
"2494",80,0,0
"2495",81,0,0
"2496",82,0,0
"2497",83,0,0
"2498",84,0,0
"2499",85,0,0
"2500",86,0,0
"2501",87,0,0
"2502",88,0,0
"2503",89,0,0
"2504",90,0,0
"2505",91,0,0
"2506",93,0,0
"2507",94,0,0
"2508",95,0,0
"2509",96,0,0
"2510",97,0,0
"2511",99,0,0
"2512",100,0,0
"2513",1,0,1
"2514",2,0,1
"2515",3,0,1
"2516",4,0,1
"2517",5,0,1
"2518",6,0,1
"2519",7,0,1
"2520",8,0,1
"2521",9,0,1
"2522",10,0,1
"2523",11,0,1
"2524",12,0,1
"2525",13,0,1
"2526",14,0,1
"2527",15,0,1
"2528",16,0,1
"2529",17,0,1
"2530",18,0,1
"2531",19,0,1
"2532",20,0,1
"2533",21,0,1
"2534",22,0,1
"2535",23,0,1
"2536",24,0,1
"2537",25,0,1
"2538",26,0,1
"2539",27,0,1
"2540",28,0,1
"2541",29,0,1
"2542",30,0,1
"2543",31,0,1
"2544",32,0,1
"2545",33,0,1
"2546",34,0,1
"2547",35,0,1
"2548",36,0,1
"2549",37,0,1
"2550",38,1,1
"2551",39,0,1
"2552",40,0,1
"2553",41,0,1
"2554",42,0,1
"2555",43,0,1
"2556",44,0,1
"2557",45,0,1
"2558",47,0,1
"2559",48,0,1
"2560",49,0,1
"2561",51,0,0
"2562",52,0,0
"2563",53,0,0
"2564",54,0,0
"2565",55,0,0
"2566",56,0,0
"2567",57,0,0
"2568",58,0,0
"2569",59,0,0
"2570",60,0,0
"2571",61,0,0
"2572",62,0,0
"2573",63,0,0
"2574",64,0,0
"2575",65,0,0
"2576",66,0,0
"2577",67,0,0
"2578",68,0,0
"2579",69,0,0
"2580",71,0,0
"2581",72,0,0
"2582",73,0,0
"2583",75,0,0
"2584",76,0,0
"2585",77,0,0
"2586",78,0,0
"2587",79,0,0
"2588",80,0,0
"2589",81,0,0
"2590",82,0,0
"2591",83,0,0
"2592",84,0,0
"2593",85,0,0
"2594",86,0,0
"2595",87,0,0
"2596",88,0,0
"2597",89,0,0
"2598",90,0,0
"2599",91,0,0
"2600",92,0,0
"2601",93,0,0
"2602",94,0,0
"2603",95,0,0
"2604",96,0,0
"2605",97,0,0
"2606",98,0,0
"2607",99,0,0
"2608",100,0,0
"2609",1,0,1
"2610",2,0,1
"2611",3,0,1
"2612",4,0,1
"2613",5,0,1
"2614",6,0,1
"2615",7,0,1
"2616",8,0,1
"2617",10,0,1
"2618",11,0,1
"2619",12,0,1
"2620",13,0,1
"2621",14,0,1
"2622",15,0,1
"2623",16,0,1
"2624",17,0,1
"2625",18,0,1
"2626",19,0,1
"2627",20,0,1
"2628",21,0,1
"2629",22,0,1
"2630",23,0,1
"2631",24,0,1
"2632",25,0,1
"2633",26,0,1
"2634",27,0,1
"2635",28,0,1
"2636",29,0,1
"2637",30,0,1
"2638",31,0,1
"2639",32,0,1
"2640",33,0,1
"2641",34,0,1
"2642",35,0,1
"2643",36,0,1
"2644",37,0,1
"2645",38,0,1
"2646",39,0,1
"2647",40,0,1
"2648",41,0,1
"2649",42,0,1
"2650",43,0,1
"2651",44,0,1
"2652",45,0,1
"2653",46,0,1
"2654",47,0,1
"2655",48,0,1
"2656",49,0,1
"2657",50,0,1
"2658",51,0,0
"2659",52,0,0
"2660",53,1,0
"2661",54,0,0
"2662",55,0,0
"2663",56,0,0
"2664",57,0,0
"2665",58,0,0
"2666",59,0,0
"2667",60,0,0
"2668",61,0,0
"2669",62,0,0
"2670",63,0,0
"2671",64,0,0
"2672",65,0,0
"2673",66,0,0
"2674",67,0,0
"2675",68,0,0
"2676",69,0,0
"2677",70,0,0
"2678",71,0,0
"2679",72,0,0
"2680",74,0,0
"2681",75,0,0
"2682",76,0,0
"2683",77,0,0
"2684",78,0,0
"2685",79,0,0
"2686",80,0,0
"2687",81,0,0
"2688",82,0,0
"2689",83,0,0
"2690",84,0,0
"2691",85,0,0
"2692",86,1,0
"2693",87,0,0
"2694",88,0,0
"2695",89,0,0
"2696",90,0,0
"2697",91,0,0
"2698",92,0,0
"2699",93,0,0
"2700",94,0,0
"2701",95,0,0
"2702",97,0,0
"2703",98,0,0
"2704",99,0,0
"2705",100,0,0
"2706",1,0,1
"2707",3,0,1
"2708",4,0,1
"2709",5,0,1
"2710",6,0,1
"2711",7,0,1
"2712",8,0,1
"2713",9,0,1
"2714",10,0,1
"2715",11,0,1
"2716",12,0,1
"2717",13,0,1
"2718",15,1,1
"2719",17,0,1
"2720",18,0,1
"2721",19,0,1
"2722",20,0,1
"2723",21,0,1
"2724",22,1,1
"2725",23,0,1
"2726",24,0,1
"2727",25,0,1
"2728",26,0,1
"2729",27,0,1
"2730",30,0,1
"2731",31,0,1
"2732",32,0,1
"2733",33,0,1
"2734",34,0,1
"2735",35,0,1
"2736",36,0,1
"2737",37,0,1
"2738",38,0,1
"2739",39,0,1
"2740",40,0,1
"2741",41,0,1
"2742",42,0,1
"2743",43,0,1
"2744",44,0,1
"2745",45,0,1
"2746",46,0,1
"2747",47,0,1
"2748",48,0,1
"2749",49,0,1
"2750",50,0,1
"2751",51,0,0
"2752",52,0,0
"2753",53,0,0
"2754",54,0,0
"2755",55,0,0
"2756",56,0,0
"2757",57,0,0
"2758",58,0,0
"2759",59,0,0
"2760",60,0,0
"2761",61,0,0
"2762",63,0,0
"2763",64,0,0
"2764",65,0,0
"2765",66,0,0
"2766",67,0,0
"2767",68,0,0
"2768",69,0,0
"2769",70,0,0
"2770",71,0,0
"2771",73,0,0
"2772",74,0,0
"2773",75,0,0
"2774",76,0,0
"2775",77,0,0
"2776",78,0,0
"2777",79,0,0
"2778",80,0,0
"2779",81,0,0
"2780",82,0,0
"2781",83,0,0
"2782",84,0,0
"2783",85,0,0
"2784",86,0,0
"2785",87,0,0
"2786",88,0,0
"2787",89,0,0
"2788",90,0,0
"2789",91,0,0
"2790",92,0,0
"2791",93,0,0
"2792",94,0,0
"2793",95,0,0
"2794",96,0,0
"2795",97,0,0
"2796",98,0,0
"2797",99,1,0
"2798",100,0,0
"2799",1,1,1
"2800",2,0,1
"2801",3,0,1
"2802",4,0,1
"2803",5,0,1
"2804",6,0,1
"2805",7,0,1
"2806",8,0,1
"2807",9,0,1
"2808",10,0,1
"2809",11,0,1
"2810",12,0,1
"2811",13,0,1
"2812",14,0,1
"2813",16,0,1
"2814",17,0,1
"2815",18,0,1
"2816",19,0,1
"2817",20,0,1
"2818",21,0,1
"2819",22,0,1
"2820",23,0,1
"2821",24,0,1
"2822",25,0,1
"2823",26,0,1
"2824",27,0,1
"2825",28,0,1
"2826",29,0,1
"2827",30,0,1
"2828",31,0,1
"2829",32,0,1
"2830",33,0,1
"2831",34,0,1
"2832",35,0,1
"2833",36,0,1
"2834",37,0,1
"2835",38,0,1
"2836",39,0,1
"2837",40,0,1
"2838",41,0,1
"2839",43,0,1
"2840",44,0,1
"2841",45,0,1
"2842",46,0,1
"2843",47,0,1
"2844",48,0,1
"2845",49,0,1
"2846",50,0,1
"2847",51,0,0
"2848",52,0,0
"2849",53,0,0
"2850",54,0,0
"2851",55,0,0
"2852",56,0,0
"2853",58,0,0
"2854",59,0,0
"2855",60,0,0
"2856",61,0,0
"2857",62,0,0
"2858",63,0,0
"2859",64,0,0
"2860",65,0,0
"2861",66,1,0
"2862",67,0,0
"2863",68,1,0
"2864",69,0,0
"2865",70,0,0
"2866",71,0,0
"2867",72,1,0
"2868",73,0,0
"2869",74,0,0
"2870",75,0,0
"2871",76,1,0
"2872",77,1,0
"2873",78,0,0
"2874",79,0,0
"2875",80,0,0
"2876",81,0,0
"2877",82,0,0
"2878",83,0,0
"2879",84,0,0
"2880",85,0,0
"2881",86,0,0
"2882",87,0,0
"2883",88,0,0
"2884",90,0,0
"2885",91,0,0
"2886",92,0,0
"2887",93,0,0
"2888",94,0,0
"2889",96,0,0
"2890",97,0,0
"2891",98,0,0
"2892",99,0,0
"2893",100,0,0
"2894",1,0,1
"2895",2,0,1
"2896",3,0,1
"2897",4,0,1
"2898",5,0,1
"2899",6,0,1
"2900",8,0,1
"2901",10,0,1
"2902",11,0,1
"2903",12,0,1
"2904",13,0,1
"2905",14,0,1
"2906",16,0,1
"2907",18,0,1
"2908",19,0,1
"2909",20,0,1
"2910",21,0,1
"2911",22,0,1
"2912",23,0,1
"2913",24,0,1
"2914",25,0,1
"2915",26,0,1
"2916",27,0,1
"2917",28,0,1
"2918",30,0,1
"2919",31,0,1
"2920",32,0,1
"2921",33,1,1
"2922",34,1,1
"2923",35,1,1
"2924",36,0,1
"2925",37,0,1
"2926",39,0,1
"2927",40,0,1
"2928",41,0,1
"2929",42,1,1
"2930",43,0,1
"2931",44,0,1
"2932",45,0,1
"2933",47,0,1
"2934",48,1,1
"2935",49,0,1
"2936",50,0,1
"2937",51,0,0
"2938",52,0,0
"2939",53,0,0
"2940",54,0,0
"2941",55,0,0
"2942",56,0,0
"2943",57,0,0
"2944",58,0,0
"2945",59,0,0
"2946",60,0,0
"2947",61,0,0
"2948",62,0,0
"2949",63,1,0
"2950",66,0,0
"2951",67,0,0
"2952",68,0,0
"2953",69,0,0
"2954",70,0,0
"2955",71,0,0
"2956",72,0,0
"2957",73,1,0
"2958",75,0,0
"2959",76,0,0
"2960",77,1,0
"2961",78,0,0
"2962",79,0,0
"2963",80,0,0
"2964",81,0,0
"2965",82,0,0
"2966",83,0,0
"2967",84,0,0
"2968",85,0,0
"2969",86,0,0
"2970",87,0,0
"2971",88,0,0
"2972",89,1,0
"2973",90,1,0
"2974",91,1,0
"2975",92,0,0
"2976",93,0,0
"2977",94,0,0
"2978",95,0,0
"2979",96,0,0
"2980",97,0,0
"2981",98,0,0
"2982",99,0,0
"2983",100,0,0
"2984",3,1,1
"2985",4,0,1
"2986",5,1,1
"2987",6,0,1
"2988",7,0,1
"2989",8,0,1
"2990",9,0,1
"2991",10,0,1
"2992",11,0,1
"2993",12,0,1
"2994",13,0,1
"2995",14,0,1
"2996",15,0,1
"2997",16,0,1
"2998",17,0,1
"2999",18,0,1
"3000",19,1,1
"3001",20,1,1
"3002",21,0,1
"3003",22,0,1
"3004",23,1,1
"3005",25,0,1
"3006",26,0,1
"3007",27,0,1
"3008",28,0,1
"3009",29,0,1
"3010",30,0,1
"3011",31,0,1
"3012",32,0,1
"3013",33,0,1
"3014",34,0,1
"3015",35,0,1
"3016",36,0,1
"3017",37,0,1
"3018",38,0,1
"3019",39,0,1
"3020",40,0,1
"3021",41,0,1
"3022",42,0,1
"3023",43,1,1
"3024",44,0,1
"3025",45,0,1
"3026",46,1,1
"3027",48,0,1
"3028",49,0,1
"3029",50,0,1
"3030",51,1,0
"3031",52,0,0
"3032",53,0,0
"3033",54,1,0
"3034",55,0,0
"3035",56,0,0
"3036",57,0,0
"3037",58,1,0
"3038",60,0,0
"3039",61,0,0
"3040",62,0,0
"3041",63,0,0
"3042",64,0,0
"3043",65,0,0
"3044",66,1,0
"3045",67,0,0
"3046",69,0,0
"3047",70,0,0
"3048",71,0,0
"3049",72,0,0
"3050",73,0,0
"3051",74,0,0
"3052",75,1,0
"3053",76,0,0
"3054",77,0,0
"3055",78,0,0
"3056",79,0,0
"3057",80,1,0
"3058",81,0,0
"3059",82,0,0
"3060",83,0,0
"3061",84,0,0
"3062",85,0,0
"3063",86,1,0
"3064",87,0,0
"3065",88,0,0
"3066",89,0,0
"3067",90,0,0
"3068",91,0,0
"3069",92,0,0
"3070",93,0,0
"3071",94,0,0
"3072",96,0,0
"3073",97,0,0
"3074",99,0,0
"3075",100,0,0
"3076",1,0,1
"3077",2,0,1
"3078",3,0,1
"3079",4,0,1
"3080",5,0,1
"3081",6,0,1
"3082",8,0,1
"3083",9,0,1
"3084",10,0,1
"3085",11,0,1
"3086",12,0,1
"3087",13,0,1
"3088",14,0,1
"3089",15,0,1
"3090",16,0,1
"3091",17,0,1
"3092",18,0,1
"3093",19,1,1
"3094",20,0,1
"3095",21,0,1
"3096",22,0,1
"3097",23,0,1
"3098",25,0,1
"3099",26,0,1
"3100",27,1,1
"3101",28,0,1
"3102",29,0,1
"3103",30,0,1
"3104",31,1,1
"3105",32,0,1
"3106",33,0,1
"3107",34,0,1
"3108",35,0,1
"3109",36,0,1
"3110",37,0,1
"3111",38,0,1
"3112",39,0,1
"3113",40,1,1
"3114",41,1,1
"3115",42,0,1
"3116",43,1,1
"3117",44,1,1
"3118",45,0,1
"3119",46,0,1
"3120",49,0,1
"3121",50,0,1
"3122",51,0,0
"3123",53,0,0
"3124",54,1,0
"3125",55,0,0
"3126",56,0,0
"3127",57,0,0
"3128",58,0,0
"3129",59,1,0
"3130",60,0,0
"3131",61,0,0
"3132",62,0,0
"3133",63,0,0
"3134",64,0,0
"3135",65,0,0
"3136",66,0,0
"3137",67,1,0
"3138",68,1,0
"3139",69,0,0
"3140",70,1,0
"3141",71,1,0
"3142",72,1,0
"3143",73,0,0
"3144",74,0,0
"3145",75,0,0
"3146",76,0,0
"3147",77,0,0
"3148",78,1,0
"3149",79,0,0
"3150",80,0,0
"3151",81,0,0
"3152",82,0,0
"3153",83,0,0
"3154",84,1,0
"3155",85,1,0
"3156",86,0,0
"3157",88,0,0
"3158",89,1,0
"3159",90,1,0
"3160",91,0,0
"3161",92,1,0
"3162",93,1,0
"3163",94,0,0
"3164",95,0,0
"3165",96,0,0
"3166",97,0,0
"3167",98,0,0
"3168",99,0,0
"3169",100,0,0
"3170",1,0,1
"3171",2,0,1
"3172",3,0,1
"3173",4,1,1
"3174",5,0,1
"3175",6,0,1
"3176",7,0,1
"3177",8,0,1
"3178",9,0,1
"3179",10,0,1
"3180",11,0,1
"3181",12,0,1
"3182",13,0,1
"3183",14,0,1
"3184",15,0,1
"3185",16,0,1
"3186",17,0,1
"3187",18,0,1
"3188",19,1,1
"3189",20,0,1
"3190",21,0,1
"3191",23,0,1
"3192",24,0,1
"3193",25,0,1
"3194",26,0,1
"3195",27,1,1
"3196",28,0,1
"3197",29,0,1
"3198",30,0,1
"3199",31,0,1
"3200",32,0,1
"3201",33,1,1
"3202",34,0,1
"3203",35,1,1
"3204",36,0,1
"3205",37,0,1
"3206",38,0,1
"3207",39,1,1
"3208",40,0,1
"3209",41,0,1
"3210",42,0,1
"3211",43,0,1
"3212",44,0,1
"3213",45,0,1
"3214",46,0,1
"3215",47,1,1
"3216",49,0,1
"3217",50,0,1
"3218",51,0,0
"3219",52,0,0
"3220",53,0,0
"3221",54,0,0
"3222",55,1,0
"3223",56,0,0
"3224",57,0,0
"3225",58,0,0
"3226",59,0,0
"3227",60,1,0
"3228",61,0,0
"3229",62,0,0
"3230",63,0,0
"3231",64,0,0
"3232",65,1,0
"3233",66,0,0
"3234",67,0,0
"3235",68,0,0
"3236",69,0,0
"3237",70,0,0
"3238",71,0,0
"3239",72,0,0
"3240",73,0,0
"3241",74,1,0
"3242",75,1,0
"3243",76,0,0
"3244",77,0,0
"3245",78,0,0
"3246",79,0,0
"3247",80,0,0
"3248",81,1,0
"3249",82,0,0
"3250",83,0,0
"3251",84,0,0
"3252",85,0,0
"3253",86,0,0
"3254",87,0,0
"3255",88,0,0
"3256",89,0,0
"3257",90,1,0
"3258",91,1,0
"3259",92,0,0
"3260",94,0,0
"3261",95,1,0
"3262",96,0,0
"3263",97,0,0
"3264",98,0,0
"3265",99,0,0
"3266",100,0,0
"3267",1,0,1
"3268",2,1,1
"3269",3,1,1
"3270",4,0,1
"3271",5,0,1
"3272",6,0,1
"3273",7,0,1
"3274",8,0,1
"3275",9,0,1
"3276",10,0,1
"3277",11,0,1
"3278",12,0,1
"3279",13,0,1
"3280",14,0,1
"3281",15,0,1
"3282",16,0,1
"3283",17,0,1
"3284",18,0,1
"3285",19,0,1
"3286",20,0,1
"3287",22,0,1
"3288",23,0,1
"3289",24,0,1
"3290",25,0,1
"3291",26,0,1
"3292",27,0,1
"3293",28,0,1
"3294",29,0,1
"3295",30,0,1
"3296",31,0,1
"3297",32,1,1
"3298",33,0,1
"3299",34,0,1
"3300",35,0,1
"3301",36,0,1
"3302",37,0,1
"3303",38,0,1
"3304",39,0,1
"3305",40,0,1
"3306",41,0,1
"3307",42,0,1
"3308",43,0,1
"3309",44,0,1
"3310",45,1,1
"3311",46,0,1
"3312",47,0,1
"3313",48,0,1
"3314",49,0,1
"3315",50,1,1
"3316",51,0,0
"3317",52,0,0
"3318",53,0,0
"3319",54,0,0
"3320",55,0,0
"3321",56,0,0
"3322",57,0,0
"3323",58,0,0
"3324",59,0,0
"3325",60,1,0
"3326",61,0,0
"3327",62,0,0
"3328",63,0,0
"3329",64,0,0
"3330",65,0,0
"3331",66,1,0
"3332",67,0,0
"3333",68,0,0
"3334",69,0,0
"3335",70,0,0
"3336",71,0,0
"3337",72,0,0
"3338",73,1,0
"3339",74,0,0
"3340",75,0,0
"3341",76,1,0
"3342",77,0,0
"3343",78,0,0
"3344",79,0,0
"3345",80,0,0
"3346",81,0,0
"3347",82,0,0
"3348",83,0,0
"3349",84,0,0
"3350",85,1,0
"3351",86,0,0
"3352",87,0,0
"3353",88,0,0
"3354",89,0,0
"3355",90,0,0
"3356",91,0,0
"3357",92,0,0
"3358",93,0,0
"3359",94,1,0
"3360",95,0,0
"3361",96,0,0
"3362",97,0,0
"3363",98,0,0
"3364",99,0,0
"3365",100,0,0
"3366",1,0,1
"3367",2,0,1
"3368",3,0,1
"3369",4,0,1
"3370",5,1,1
"3371",6,0,1
"3372",7,1,1
"3373",8,0,1
"3374",9,0,1
"3375",10,0,1
"3376",11,0,1
"3377",12,1,1
"3378",13,1,1
"3379",14,0,1
"3380",15,0,1
"3381",16,1,1
"3382",17,0,1
"3383",18,1,1
"3384",19,0,1
"3385",20,0,1
"3386",21,0,1
"3387",22,0,1
"3388",23,0,1
"3389",25,0,1
"3390",26,0,1
"3391",27,0,1
"3392",28,0,1
"3393",29,0,1
"3394",30,1,1
"3395",31,0,1
"3396",32,0,1
"3397",33,1,1
"3398",34,0,1
"3399",35,0,1
"3400",37,0,1
"3401",38,0,1
"3402",39,0,1
"3403",40,0,1
"3404",41,0,1
"3405",42,0,1
"3406",43,0,1
"3407",44,0,1
"3408",45,1,1
"3409",46,0,1
"3410",48,0,1
"3411",49,0,1
"3412",50,0,1
"3413",51,0,0
"3414",52,0,0
"3415",53,1,0
"3416",54,0,0
"3417",55,0,0
"3418",56,0,0
"3419",57,1,0
"3420",58,1,0
"3421",59,0,0
"3422",60,0,0
"3423",61,0,0
"3424",62,0,0
"3425",63,0,0
"3426",64,0,0
"3427",65,0,0
"3428",66,0,0
"3429",67,0,0
"3430",68,0,0
"3431",69,0,0
"3432",70,0,0
"3433",71,0,0
"3434",72,0,0
"3435",73,0,0
"3436",74,0,0
"3437",75,0,0
"3438",76,0,0
"3439",77,0,0
"3440",78,0,0
"3441",79,1,0
"3442",80,1,0
"3443",81,1,0
"3444",82,0,0
"3445",83,1,0
"3446",84,0,0
"3447",85,0,0
"3448",86,0,0
"3449",87,0,0
"3450",88,0,0
"3451",89,0,0
"3452",90,0,0
"3453",91,0,0
"3454",92,0,0
"3455",93,0,0
"3456",94,0,0
"3457",95,0,0
"3458",96,0,0
"3459",97,0,0
"3460",98,0,0
"3461",99,0,0
"3462",100,0,0
"3463",1,0,1
"3464",2,0,1
"3465",3,0,1
"3466",4,1,1
"3467",5,0,1
"3468",6,0,1
"3469",7,0,1
"3470",8,1,1
"3471",9,0,1
"3472",10,0,1
"3473",11,0,1
"3474",12,1,1
"3475",13,1,1
"3476",14,0,1
"3477",15,1,1
"3478",16,0,1
"3479",17,0,1
"3480",18,1,1
"3481",19,1,1
"3482",20,0,1
"3483",21,0,1
"3484",22,0,1
"3485",23,0,1
"3486",24,0,1
"3487",25,1,1
"3488",26,0,1
"3489",27,0,1
"3490",28,0,1
"3491",29,1,1
"3492",30,1,1
"3493",31,1,1
"3494",32,1,1
"3495",33,1,1
"3496",34,0,1
"3497",35,0,1
"3498",36,0,1
"3499",37,0,1
"3500",38,1,1
"3501",39,0,1
"3502",40,1,1
"3503",41,0,1
"3504",42,0,1
"3505",43,0,1
"3506",44,1,1
"3507",45,0,1
"3508",46,0,1
"3509",47,0,1
"3510",48,0,1
"3511",49,0,1
"3512",50,0,1
"3513",51,0,0
"3514",52,0,0
"3515",53,1,0
"3516",54,0,0
"3517",55,1,0
"3518",56,0,0
"3519",57,0,0
"3520",58,0,0
"3521",59,0,0
"3522",60,0,0
"3523",61,0,0
"3524",62,1,0
"3525",63,0,0
"3526",64,0,0
"3527",65,0,0
"3528",66,0,0
"3529",67,1,0
"3530",68,0,0
"3531",69,1,0
"3532",70,1,0
"3533",71,1,0
"3534",72,1,0
"3535",73,0,0
"3536",74,0,0
"3537",75,0,0
"3538",76,1,0
"3539",78,0,0
"3540",79,0,0
"3541",80,0,0
"3542",81,0,0
"3543",82,0,0
"3544",83,1,0
"3545",84,0,0
"3546",85,0,0
"3547",86,0,0
"3548",87,0,0
"3549",88,1,0
"3550",89,0,0
"3551",90,0,0
"3552",91,0,0
"3553",92,0,0
"3554",93,0,0
"3555",94,0,0
"3556",95,0,0
"3557",96,0,0
"3558",97,0,0
"3559",98,0,0
"3560",99,0,0
"3561",100,0,0
"3562",1,0,1
"3563",2,0,1
"3564",3,0,1
"3565",4,1,1
"3566",5,0,1
"3567",6,0,1
"3568",7,0,1
"3569",8,0,1
"3570",9,1,1
"3571",10,1,1
"3572",11,1,1
"3573",12,1,1
"3574",13,0,1
"3575",14,1,1
"3576",15,1,1
"3577",16,0,1
"3578",17,1,1
"3579",18,0,1
"3580",19,1,1
"3581",20,1,1
"3582",21,0,1
"3583",22,0,1
"3584",23,1,1
"3585",24,1,1
"3586",25,1,1
"3587",26,0,1
"3588",27,1,1
"3589",28,0,1
"3590",29,0,1
"3591",30,0,1
"3592",31,0,1
"3593",32,0,1
"3594",33,0,1
"3595",34,1,1
"3596",35,0,1
"3597",36,0,1
"3598",38,1,1
"3599",39,0,1
"3600",40,1,1
"3601",41,0,1
"3602",42,1,1
"3603",43,1,1
"3604",44,0,1
"3605",45,0,1
"3606",46,1,1
"3607",47,0,1
"3608",48,0,1
"3609",49,0,1
"3610",50,0,1
"3611",51,1,0
"3612",52,0,0
"3613",54,0,0
"3614",55,1,0
"3615",56,0,0
"3616",57,0,0
"3617",58,0,0
"3618",59,1,0
"3619",60,0,0
"3620",61,0,0
"3621",62,0,0
"3622",63,0,0
"3623",64,0,0
"3624",65,1,0
"3625",66,0,0
"3626",67,1,0
"3627",68,0,0
"3628",69,0,0
"3629",70,0,0
"3630",71,0,0
"3631",72,1,0
"3632",73,0,0
"3633",74,1,0
"3634",75,1,0
"3635",76,1,0
"3636",77,1,0
"3637",79,0,0
"3638",80,0,0
"3639",81,0,0
"3640",82,0,0
"3641",83,0,0
"3642",84,0,0
"3643",85,0,0
"3644",86,0,0
"3645",87,0,0
"3646",88,0,0
"3647",89,0,0
"3648",90,0,0
"3649",91,0,0
"3650",92,0,0
"3651",93,0,0
"3652",94,0,0
"3653",95,1,0
"3654",96,0,0
"3655",97,0,0
"3656",98,0,0
"3657",99,0,0
"3658",100,0,0
"3659",1,1,1
"3660",2,0,1
"3661",3,0,1
"3662",4,0,1
"3663",5,1,1
"3664",6,0,1
"3665",7,1,1
"3666",8,0,1
"3667",9,1,1
"3668",10,0,1
"3669",11,0,1
"3670",12,0,1
"3671",13,1,1
"3672",14,0,1
"3673",15,0,1
"3674",16,1,1
"3675",17,0,1
"3676",18,0,1
"3677",19,0,1
"3678",20,1,1
"3679",21,0,1
"3680",22,0,1
"3681",23,0,1
"3682",24,0,1
"3683",25,1,1
"3684",26,0,1
"3685",27,0,1
"3686",28,0,1
"3687",29,0,1
"3688",30,1,1
"3689",31,0,1
"3690",32,1,1
"3691",33,0,1
"3692",34,1,1
"3693",35,0,1
"3694",36,0,1
"3695",37,0,1
"3696",38,0,1
"3697",39,0,1
"3698",40,0,1
"3699",41,0,1
"3700",42,0,1
"3701",43,0,1
"3702",44,1,1
"3703",45,1,1
"3704",46,1,1
"3705",47,1,1
"3706",48,0,1
"3707",49,1,1
"3708",50,0,1
"3709",51,0,0
"3710",52,1,0
"3711",53,0,0
"3712",54,0,0
"3713",55,0,0
"3714",56,0,0
"3715",57,0,0
"3716",58,0,0
"3717",59,0,0
"3718",60,1,0
"3719",61,0,0
"3720",62,0,0
"3721",64,1,0
"3722",65,0,0
"3723",66,0,0
"3724",67,0,0
"3725",68,1,0
"3726",69,1,0
"3727",70,1,0
"3728",71,1,0
"3729",72,0,0
"3730",73,0,0
"3731",74,0,0
"3732",76,0,0
"3733",77,0,0
"3734",78,0,0
"3735",79,0,0
"3736",80,1,0
"3737",81,0,0
"3738",82,0,0
"3739",83,0,0
"3740",84,1,0
"3741",85,0,0
"3742",86,1,0
"3743",87,1,0
"3744",88,0,0
"3745",89,1,0
"3746",90,0,0
"3747",91,0,0
"3748",92,0,0
"3749",93,0,0
"3750",94,0,0
"3751",95,0,0
"3752",96,1,0
"3753",97,0,0
"3754",98,0,0
"3755",99,0,0
"3756",100,0,0
"3757",1,0,1
"3758",2,0,1
"3759",3,0,1
"3760",4,0,1
"3761",5,0,1
"3762",6,1,1
"3763",7,0,1
"3764",8,1,1
"3765",9,1,1
"3766",10,0,1
"3767",11,0,1
"3768",12,0,1
"3769",13,0,1
"3770",14,1,1
"3771",15,0,1
"3772",16,0,1
"3773",17,0,1
"3774",18,0,1
"3775",19,1,1
"3776",20,0,1
"3777",21,1,1
"3778",22,0,1
"3779",23,1,1
"3780",24,1,1
"3781",25,1,1
"3782",26,1,1
"3783",27,0,1
"3784",28,0,1
"3785",29,1,1
"3786",30,1,1
"3787",31,1,1
"3788",32,0,1
"3789",33,1,1
"3790",34,0,1
"3791",35,1,1
"3792",36,0,1
"3793",37,0,1
"3794",38,0,1
"3795",39,0,1
"3796",40,0,1
"3797",41,0,1
"3798",42,1,1
"3799",43,0,1
"3800",44,0,1
"3801",45,0,1
"3802",46,0,1
"3803",47,0,1
"3804",48,1,1
"3805",49,1,1
"3806",50,1,1
"3807",51,0,0
"3808",52,1,0
"3809",53,1,0
"3810",54,0,0
"3811",55,1,0
"3812",56,0,0
"3813",57,0,0
"3814",58,0,0
"3815",59,0,0
"3816",60,1,0
"3817",61,0,0
"3818",62,1,0
"3819",63,0,0
"3820",64,0,0
"3821",65,0,0
"3822",66,0,0
"3823",67,0,0
"3824",68,0,0
"3825",69,0,0
"3826",70,0,0
"3827",71,0,0
"3828",72,0,0
"3829",73,0,0
"3830",74,0,0
"3831",75,0,0
"3832",76,0,0
"3833",77,0,0
"3834",78,1,0
"3835",79,0,0
"3836",80,0,0
"3837",81,0,0
"3838",82,0,0
"3839",83,0,0
"3840",84,0,0
"3841",85,1,0
"3842",86,0,0
"3843",87,0,0
"3844",88,0,0
"3845",89,0,0
"3846",90,0,0
"3847",91,0,0
"3848",92,0,0
"3849",94,1,0
"3850",96,0,0
"3851",97,1,0
"3852",98,0,0
"3853",99,0,0
"3854",100,1,0
"3855",1,0,1
"3856",2,0,1
"3857",3,1,1
"3858",4,0,1
"3859",5,1,1
"3860",6,0,1
"3861",7,0,1
"3862",8,1,1
"3863",9,1,1
"3864",10,1,1
"3865",11,0,1
"3866",12,0,1
"3867",13,0,1
"3868",14,0,1
"3869",15,1,1
"3870",16,1,1
"3871",17,0,1
"3872",18,1,1
"3873",19,0,1
"3874",20,0,1
"3875",22,0,1
"3876",23,0,1
"3877",24,1,1
"3878",25,0,1
"3879",26,0,1
"3880",27,0,1
"3881",28,0,1
"3882",29,0,1
"3883",30,0,1
"3884",31,0,1
"3885",32,0,1
"3886",33,0,1
"3887",34,1,1
"3888",35,1,1
"3889",36,1,1
"3890",37,1,1
"3891",38,0,1
"3892",39,0,1
"3893",40,0,1
"3894",42,0,1
"3895",43,1,1
"3896",44,0,1
"3897",45,0,1
"3898",46,0,1
"3899",47,0,1
"3900",49,0,1
"3901",50,0,1
"3902",51,0,0
"3903",52,1,0
"3904",53,0,0
"3905",54,0,0
"3906",55,1,0
"3907",56,1,0
"3908",57,0,0
"3909",58,0,0
"3910",59,1,0
"3911",60,1,0
"3912",61,1,0
"3913",62,1,0
"3914",63,1,0
"3915",64,1,0
"3916",65,0,0
"3917",66,1,0
"3918",67,0,0
"3919",68,0,0
"3920",69,1,0
"3921",70,0,0
"3922",71,1,0
"3923",72,0,0
"3924",73,0,0
"3925",74,0,0
"3926",75,1,0
"3927",76,0,0
"3928",77,0,0
"3929",78,0,0
"3930",79,1,0
"3931",80,1,0
"3932",81,0,0
"3933",82,0,0
"3934",83,0,0
"3935",84,1,0
"3936",85,1,0
"3937",86,0,0
"3938",87,0,0
"3939",88,1,0
"3940",89,0,0
"3941",90,0,0
"3942",91,0,0
"3943",92,1,0
"3944",93,0,0
"3945",94,0,0
"3946",95,0,0
"3947",96,0,0
"3948",97,0,0
"3949",99,0,0
"3950",100,0,0
"3951",1,0,1
"3952",2,1,1
"3953",3,1,1
"3954",4,0,1
"3955",6,0,1
"3956",7,0,1
"3957",8,1,1
"3958",9,0,1
"3959",10,1,1
"3960",11,0,1
"3961",12,0,1
"3962",13,0,1
"3963",14,0,1
"3964",15,1,1
"3965",16,0,1
"3966",17,0,1
"3967",18,1,1
"3968",19,1,1
"3969",21,1,1
"3970",22,0,1
"3971",23,1,1
"3972",24,0,1
"3973",25,0,1
"3974",26,1,1
"3975",27,0,1
"3976",28,0,1
"3977",29,0,1
"3978",30,0,1
"3979",31,0,1
"3980",32,0,1
"3981",34,0,1
"3982",35,1,1
"3983",36,0,1
"3984",37,0,1
"3985",38,0,1
"3986",39,0,1
"3987",40,1,1
"3988",41,0,1
"3989",42,1,1
"3990",43,1,1
"3991",44,1,1
"3992",45,1,1
"3993",46,0,1
"3994",47,0,1
"3995",48,0,1
"3996",49,1,1
"3997",50,0,1
"3998",51,0,0
"3999",52,0,0
"4000",53,0,0
"4001",54,1,0
"4002",55,0,0
"4003",56,0,0
"4004",57,0,0
"4005",59,0,0
"4006",60,1,0
"4007",61,0,0
"4008",62,1,0
"4009",63,0,0
"4010",64,0,0
"4011",65,1,0
"4012",66,1,0
"4013",67,0,0
"4014",68,0,0
"4015",69,0,0
"4016",70,0,0
"4017",71,0,0
"4018",72,0,0
"4019",73,1,0
"4020",74,0,0
"4021",76,0,0
"4022",77,0,0
"4023",78,0,0
"4024",79,1,0
"4025",80,1,0
"4026",81,0,0
"4027",82,0,0
"4028",83,0,0
"4029",84,1,0
"4030",85,1,0
"4031",86,0,0
"4032",87,1,0
"4033",88,1,0
"4034",89,0,0
"4035",90,0,0
"4036",91,0,0
"4037",92,1,0
"4038",93,1,0
"4039",94,0,0
"4040",95,0,0
"4041",96,0,0
"4042",97,0,0
"4043",98,0,0
"4044",99,1,0
"4045",100,1,0
"4046",1,1,1
"4047",2,0,1
"4048",3,0,1
"4049",4,1,1
"4050",5,1,1
"4051",6,0,1
"4052",7,0,1
"4053",8,1,1
"4054",9,0,1
"4055",10,0,1
"4056",11,1,1
"4057",12,0,1
"4058",13,0,1
"4059",14,0,1
"4060",15,0,1
"4061",16,0,1
"4062",17,0,1
"4063",18,0,1
"4064",19,1,1
"4065",20,0,1
"4066",21,0,1
"4067",22,0,1
"4068",23,1,1
"4069",24,0,1
"4070",25,0,1
"4071",26,0,1
"4072",27,0,1
"4073",28,0,1
"4074",29,1,1
"4075",30,0,1
"4076",31,0,1
"4077",32,0,1
"4078",33,0,1
"4079",34,0,1
"4080",35,0,1
"4081",36,0,1
"4082",37,1,1
"4083",38,1,1
"4084",39,1,1
"4085",40,1,1
"4086",41,0,1
"4087",42,0,1
"4088",43,0,1
"4089",44,0,1
"4090",45,1,1
"4091",47,0,1
"4092",48,0,1
"4093",49,0,1
"4094",50,0,1
"4095",51,1,0
"4096",52,0,0
"4097",53,0,0
"4098",55,0,0
"4099",56,1,0
"4100",57,0,0
"4101",58,0,0
"4102",59,1,0
"4103",60,0,0
"4104",61,0,0
"4105",62,1,0
"4106",63,1,0
"4107",64,0,0
"4108",65,1,0
"4109",66,1,0
"4110",67,0,0
"4111",68,1,0
"4112",69,0,0
"4113",70,0,0
"4114",71,1,0
"4115",72,1,0
"4116",73,1,0
"4117",74,0,0
"4118",76,0,0
"4119",77,1,0
"4120",78,0,0
"4121",79,1,0
"4122",80,0,0
"4123",81,0,0
"4124",82,0,0
"4125",83,0,0
"4126",84,1,0
"4127",85,0,0
"4128",86,0,0
"4129",87,0,0
"4130",88,1,0
"4131",89,0,0
"4132",90,1,0
"4133",91,1,0
"4134",92,0,0
"4135",93,0,0
"4136",94,0,0
"4137",95,0,0
"4138",96,1,0
"4139",97,0,0
"4140",98,1,0
"4141",99,0,0
"4142",100,1,0
"4143",1,0,1
"4144",2,0,1
"4145",3,1,1
"4146",4,0,1
"4147",5,0,1
"4148",6,0,1
"4149",7,0,1
"4150",8,0,1
"4151",9,0,1
"4152",11,0,1
"4153",12,1,1
"4154",13,0,1
"4155",14,0,1
"4156",15,1,1
"4157",16,1,1
"4158",17,0,1
"4159",18,1,1
"4160",19,1,1
"4161",20,1,1
"4162",21,0,1
"4163",22,0,1
"4164",23,0,1
"4165",24,0,1
"4166",25,0,1
"4167",26,0,1
"4168",27,0,1
"4169",28,0,1
"4170",29,0,1
"4171",30,0,1
"4172",31,1,1
"4173",32,1,1
"4174",33,0,1
"4175",34,0,1
"4176",35,0,1
"4177",36,0,1
"4178",37,0,1
"4179",38,0,1
"4180",39,0,1
"4181",40,0,1
"4182",41,0,1
"4183",42,0,1
"4184",43,1,1
"4185",44,0,1
"4186",45,0,1
"4187",46,0,1
"4188",48,0,1
"4189",49,1,1
"4190",50,0,1
"4191",51,0,0
"4192",52,0,0
"4193",53,0,0
"4194",54,1,0
"4195",55,0,0
"4196",56,0,0
"4197",57,0,0
"4198",58,1,0
"4199",59,0,0
"4200",60,0,0
"4201",61,0,0
"4202",62,0,0
"4203",63,0,0
"4204",64,0,0
"4205",65,1,0
"4206",66,0,0
"4207",67,0,0
"4208",68,0,0
"4209",69,0,0
"4210",70,0,0
"4211",71,1,0
"4212",72,0,0
"4213",73,0,0
"4214",74,0,0
"4215",75,0,0
"4216",76,0,0
"4217",77,0,0
"4218",78,0,0
"4219",79,0,0
"4220",81,0,0
"4221",82,0,0
"4222",83,0,0
"4223",84,0,0
"4224",85,0,0
"4225",86,1,0
"4226",87,0,0
"4227",88,1,0
"4228",89,0,0
"4229",90,0,0
"4230",91,0,0
"4231",92,1,0
"4232",93,0,0
"4233",94,0,0
"4234",95,0,0
"4235",96,0,0
"4236",97,1,0
"4237",98,1,0
"4238",99,0,0
"4239",100,0,0
"4240",1,0,1
"4241",2,0,1
"4242",3,0,1
"4243",4,1,1
"4244",5,1,1
"4245",6,1,1
"4246",7,1,1
"4247",8,0,1
"4248",9,0,1
"4249",10,1,1
"4250",11,1,1
"4251",12,1,1
"4252",13,1,1
"4253",14,0,1
"4254",15,0,1
"4255",16,1,1
"4256",17,0,1
"4257",18,0,1
"4258",19,0,1
"4259",20,0,1
"4260",21,0,1
"4261",22,1,1
"4262",23,1,1
"4263",24,0,1
"4264",25,0,1
"4265",26,1,1
"4266",27,0,1
"4267",28,0,1
"4268",29,0,1
"4269",30,0,1
"4270",31,1,1
"4271",32,0,1
"4272",33,0,1
"4273",34,0,1
"4274",35,0,1
"4275",36,0,1
"4276",37,1,1
"4277",38,1,1
"4278",39,0,1
"4279",40,1,1
"4280",41,1,1
"4281",42,0,1
"4282",43,0,1
"4283",44,1,1
"4284",45,0,1
"4285",46,0,1
"4286",47,0,1
"4287",49,1,1
"4288",50,1,1
"4289",51,1,0
"4290",52,1,0
"4291",53,1,0
"4292",54,0,0
"4293",55,0,0
"4294",56,1,0
"4295",57,0,0
"4296",58,0,0
"4297",59,0,0
"4298",60,0,0
"4299",61,0,0
"4300",62,0,0
"4301",63,1,0
"4302",64,0,0
"4303",65,1,0
"4304",66,0,0
"4305",67,0,0
"4306",68,1,0
"4307",69,0,0
"4308",70,0,0
"4309",71,1,0
"4310",72,1,0
"4311",73,1,0
"4312",74,0,0
"4313",75,0,0
"4314",76,0,0
"4315",77,0,0
"4316",78,0,0
"4317",79,1,0
"4318",80,1,0
"4319",81,0,0
"4320",82,1,0
"4321",83,0,0
"4322",84,0,0
"4323",85,1,0
"4324",86,0,0
"4325",87,0,0
"4326",88,0,0
"4327",89,0,0
"4328",90,1,0
"4329",91,0,0
"4330",92,0,0
"4331",93,0,0
"4332",94,0,0
"4333",95,0,0
"4334",96,0,0
"4335",97,0,0
"4336",98,0,0
"4337",99,0,0
"4338",100,0,0
"4339",1,0,1
"4340",2,1,1
"4341",3,0,1
"4342",4,1,1
"4343",5,1,1
"4344",6,0,1
"4345",7,0,1
"4346",8,0,1
"4347",9,1,1
"4348",10,0,1
"4349",11,1,1
"4350",12,0,1
"4351",13,0,1
"4352",14,0,1
"4353",15,0,1
"4354",16,1,1
"4355",17,0,1
"4356",18,0,1
"4357",19,0,1
"4358",20,1,1
"4359",21,1,1
"4360",22,1,1
"4361",23,0,1
"4362",24,0,1
"4363",25,0,1
"4364",26,0,1
"4365",27,0,1
"4366",28,0,1
"4367",29,0,1
"4368",30,0,1
"4369",31,0,1
"4370",32,0,1
"4371",33,0,1
"4372",34,1,1
"4373",35,0,1
"4374",36,1,1
"4375",37,0,1
"4376",38,1,1
"4377",39,1,1
"4378",40,0,1
"4379",41,1,1
"4380",42,0,1
"4381",43,0,1
"4382",44,0,1
"4383",45,1,1
"4384",46,0,1
"4385",47,1,1
"4386",48,1,1
"4387",49,0,1
"4388",50,1,1
"4389",51,1,0
"4390",52,0,0
"4391",53,1,0
"4392",54,1,0
"4393",55,0,0
"4394",56,0,0
"4395",57,0,0
"4396",58,1,0
"4397",59,1,0
"4398",60,0,0
"4399",61,0,0
"4400",62,0,0
"4401",63,1,0
"4402",64,1,0
"4403",65,1,0
"4404",66,0,0
"4405",67,0,0
"4406",68,1,0
"4407",69,1,0
"4408",70,0,0
"4409",71,0,0
"4410",72,1,0
"4411",73,1,0
"4412",74,0,0
"4413",75,0,0
"4414",76,0,0
"4415",77,0,0
"4416",78,0,0
"4417",79,0,0
"4418",80,1,0
"4419",81,0,0
"4420",82,0,0
"4421",83,0,0
"4422",84,1,0
"4423",85,0,0
"4424",86,0,0
"4425",87,0,0
"4426",88,1,0
"4427",89,0,0
"4428",90,0,0
"4429",91,0,0
"4430",92,0,0
"4431",93,1,0
"4432",94,0,0
"4433",95,1,0
"4434",96,0,0
"4435",97,0,0
"4436",98,1,0
"4437",99,0,0
"4438",100,1,0
"4439",1,1,1
"4440",2,0,1
"4441",3,1,1
"4442",4,1,1
"4443",5,0,1
"4444",6,0,1
"4445",7,0,1
"4446",8,1,1
"4447",9,0,1
"4448",10,0,1
"4449",11,1,1
"4450",12,0,1
"4451",13,0,1
"4452",14,0,1
"4453",15,0,1
"4454",16,0,1
"4455",17,0,1
"4456",18,0,1
"4457",19,0,1
"4458",20,1,1
"4459",21,0,1
"4460",22,0,1
"4461",23,1,1
"4462",24,1,1
"4463",25,0,1
"4464",26,0,1
"4465",28,0,1
"4466",29,1,1
"4467",30,0,1
"4468",31,0,1
"4469",32,1,1
"4470",33,0,1
"4471",34,1,1
"4472",35,1,1
"4473",36,1,1
"4474",37,0,1
"4475",38,0,1
"4476",39,0,1
"4477",40,0,1
"4478",41,0,1
"4479",42,0,1
"4480",43,0,1
"4481",44,0,1
"4482",45,0,1
"4483",46,0,1
"4484",47,0,1
"4485",48,1,1
"4486",49,0,1
"4487",50,1,1
"4488",51,1,0
"4489",52,0,0
"4490",53,0,0
"4491",54,1,0
"4492",55,0,0
"4493",56,0,0
"4494",57,1,0
"4495",58,0,0
"4496",59,0,0
"4497",60,0,0
"4498",61,1,0
"4499",62,0,0
"4500",63,0,0
"4501",64,0,0
"4502",65,1,0
"4503",66,0,0
"4504",67,0,0
"4505",68,0,0
"4506",69,0,0
"4507",70,0,0
"4508",71,0,0
"4509",72,0,0
"4510",73,0,0
"4511",74,0,0
"4512",75,0,0
"4513",76,0,0
"4514",77,0,0
"4515",78,0,0
"4516",79,1,0
"4517",80,0,0
"4518",81,0,0
"4519",82,0,0
"4520",83,0,0
"4521",84,0,0
"4522",85,0,0
"4523",87,0,0
"4524",88,0,0
"4525",89,0,0
"4526",90,1,0
"4527",91,0,0
"4528",92,0,0
"4529",93,0,0
"4530",94,0,0
"4531",95,0,0
"4532",96,0,0
"4533",97,0,0
"4534",98,0,0
"4535",99,0,0
"4536",100,0,0
"4537",1,1,1
"4538",2,1,1
"4539",3,0,1
"4540",4,0,1
"4541",5,1,1
"4542",6,0,1
"4543",7,1,1
"4544",8,0,1
"4545",9,1,1
"4546",10,0,1
"4547",11,0,1
"4548",12,0,1
"4549",13,1,1
"4550",14,1,1
"4551",15,0,1
"4552",16,0,1
"4553",17,0,1
"4554",18,0,1
"4555",19,0,1
"4556",20,1,1
"4557",21,0,1
"4558",22,1,1
"4559",24,1,1
"4560",25,0,1
"4561",26,1,1
"4562",27,0,1
"4563",28,1,1
"4564",29,0,1
"4565",30,0,1
"4566",31,1,1
"4567",32,0,1
"4568",33,0,1
"4569",34,1,1
"4570",35,0,1
"4571",36,1,1
"4572",37,0,1
"4573",38,0,1
"4574",39,1,1
"4575",40,0,1
"4576",41,1,1
"4577",42,1,1
"4578",43,1,1
"4579",44,1,1
"4580",45,0,1
"4581",46,0,1
"4582",47,0,1
"4583",48,1,1
"4584",49,0,1
"4585",50,0,1
"4586",51,0,0
"4587",52,0,0
"4588",53,0,0
"4589",54,0,0
"4590",55,0,0
"4591",56,1,0
"4592",57,0,0
"4593",58,0,0
"4594",59,1,0
"4595",60,1,0
"4596",61,0,0
"4597",62,0,0
"4598",63,0,0
"4599",64,0,0
"4600",65,0,0
"4601",66,0,0
"4602",67,0,0
"4603",68,0,0
"4604",69,0,0
"4605",70,0,0
"4606",71,0,0
"4607",72,0,0
"4608",73,0,0
"4609",74,0,0
"4610",75,0,0
"4611",76,0,0
"4612",77,1,0
"4613",78,0,0
"4614",79,0,0
"4615",80,0,0
"4616",81,1,0
"4617",82,1,0
"4618",83,0,0
"4619",84,0,0
"4620",85,1,0
"4621",86,0,0
"4622",87,1,0
"4623",88,0,0
"4624",89,0,0
"4625",90,0,0
"4626",91,1,0
"4627",92,0,0
"4628",93,0,0
"4629",94,0,0
"4630",96,0,0
"4631",97,0,0
"4632",98,0,0
"4633",99,0,0
"4634",100,0,0
"4635",1,0,1
"4636",2,1,1
"4637",3,0,1
"4638",4,1,1
"4639",5,0,1
"4640",6,1,1
"4641",7,0,1
"4642",8,0,1
"4643",9,1,1
"4644",10,0,1
"4645",11,1,1
"4646",12,0,1
"4647",13,0,1
"4648",14,0,1
"4649",15,0,1
"4650",16,1,1
"4651",17,0,1
"4652",18,0,1
"4653",19,0,1
"4654",20,0,1
"4655",21,0,1
"4656",22,0,1
"4657",23,0,1
"4658",24,0,1
"4659",25,0,1
"4660",26,1,1
"4661",27,0,1
"4662",28,1,1
"4663",29,0,1
"4664",30,1,1
"4665",31,0,1
"4666",32,0,1
"4667",33,0,1
"4668",34,0,1
"4669",35,1,1
"4670",36,0,1
"4671",37,1,1
"4672",38,1,1
"4673",39,0,1
"4674",40,1,1
"4675",41,1,1
"4676",42,1,1
"4677",43,1,1
"4678",44,0,1
"4679",45,0,1
"4680",46,0,1
"4681",47,0,1
"4682",48,0,1
"4683",49,1,1
"4684",50,0,1
"4685",51,0,0
"4686",52,0,0
"4687",53,0,0
"4688",54,0,0
"4689",55,1,0
"4690",56,0,0
"4691",57,0,0
"4692",58,1,0
"4693",59,0,0
"4694",60,0,0
"4695",61,0,0
"4696",62,0,0
"4697",63,0,0
"4698",64,0,0
"4699",65,1,0
"4700",66,0,0
"4701",67,0,0
"4702",68,0,0
"4703",69,0,0
"4704",70,0,0
"4705",71,0,0
"4706",72,1,0
"4707",73,0,0
"4708",74,0,0
"4709",75,0,0
"4710",76,0,0
"4711",77,1,0
"4712",78,0,0
"4713",79,0,0
"4714",80,0,0
"4715",81,0,0
"4716",82,1,0
"4717",83,1,0
"4718",84,1,0
"4719",85,1,0
"4720",86,0,0
"4721",87,1,0
"4722",88,0,0
"4723",89,1,0
"4724",91,0,0
"4725",92,1,0
"4726",93,0,0
"4727",94,1,0
"4728",95,0,0
"4729",96,1,0
"4730",97,0,0
"4731",98,0,0
"4732",99,0,0
"4733",100,0,0
"4734",1,1,1
"4735",2,0,1
"4736",3,1,1
"4737",4,0,1
"4738",5,0,1
"4739",6,0,1
"4740",7,0,1
"4741",8,0,1
"4742",9,0,1
"4743",10,0,1
"4744",11,0,1
"4745",12,0,1
"4746",13,0,1
"4747",14,0,1
"4748",15,1,1
"4749",16,1,1
"4750",17,0,1
"4751",18,0,1
"4752",19,1,1
"4753",20,0,1
"4754",21,1,1
"4755",22,0,1
"4756",23,1,1
"4757",24,1,1
"4758",25,0,1
"4759",26,0,1
"4760",27,1,1
"4761",28,0,1
"4762",29,0,1
"4763",30,0,1
"4764",31,1,1
"4765",32,1,1
"4766",33,0,1
"4767",34,0,1
"4768",35,0,1
"4769",36,0,1
"4770",37,0,1
"4771",38,0,1
"4772",39,0,1
"4773",40,1,1
"4774",41,1,1
"4775",42,0,1
"4776",43,0,1
"4777",44,1,1
"4778",45,0,1
"4779",46,0,1
"4780",47,1,1
"4781",48,0,1
"4782",49,0,1
"4783",51,1,0
"4784",52,0,0
"4785",53,0,0
"4786",54,0,0
"4787",55,1,0
"4788",56,0,0
"4789",57,0,0
"4790",58,0,0
"4791",59,0,0
"4792",60,0,0
"4793",61,0,0
"4794",62,0,0
"4795",63,0,0
"4796",64,0,0
"4797",65,0,0
"4798",66,1,0
"4799",67,0,0
"4800",68,0,0
"4801",69,1,0
"4802",70,0,0
"4803",71,0,0
"4804",72,1,0
"4805",73,0,0
"4806",74,0,0
"4807",75,1,0
"4808",76,1,0
"4809",77,0,0
"4810",78,1,0
"4811",79,0,0
"4812",80,0,0
"4813",81,0,0
"4814",82,1,0
"4815",83,0,0
"4816",84,1,0
"4817",85,0,0
"4818",86,0,0
"4819",87,0,0
"4820",88,1,0
"4821",89,0,0
"4822",90,0,0
"4823",91,0,0
"4824",92,0,0
"4825",93,0,0
"4826",94,0,0
"4827",95,0,0
"4828",96,0,0
"4829",98,0,0
"4830",99,0,0
"4831",100,0,0
